rating_id,type,type_name,name,url,entries_count
85185,2,Открытый рейтинг,Открытый рейтинг на 1 марта 2026 г.,https://www.bridgesport.ru/players-and-ratings/ratings/85185/,951
83900,2,Открытый рейтинг,Открытый рейтинг на 1 февраля 2026 г.,https://www.bridgesport.ru/players-and-ratings/ratings/83900/,956
82783,2,Открытый рейтинг,Открытый рейтинг на 1 января 2026 г.,https://www.bridgesport.ru/players-and-ratings/ratings/82783/,952
81621,2,Открытый рейтинг,Открытый рейтинг на 1 декабря 2025 г.,https://www.bridgesport.ru/players-and-ratings/ratings/81621/,955
80346,2,Открытый рейтинг,Открытый рейтинг на 1 ноября 2025 г.,https://www.bridgesport.ru/players-and-ratings/ratings/80346/,948
79168,2,Открытый рейтинг,Открытый рейтинг на 1 октября 2025 г.,https://www.bridgesport.ru/players-and-ratings/ratings/79168/,953
78147,2,Открытый рейтинг,Открытый рейтинг на 1 сентября 2025 г.,https://www.bridgesport.ru/players-and-ratings/ratings/78147/,952
77094,2,Открытый рейтинг,Открытый рейтинг на 1 августа 2025 г.,https://www.bridgesport.ru/players-and-ratings/ratings/77094/,943
76101,2,Открытый рейтинг,Открытый рейтинг на 1 июля 2025 г.,https://www.bridgesport.ru/players-and-ratings/ratings/76101/,940
75038,2,Открытый рейтинг,Открытый рейтинг на 1 июня 2025 г.,https://www.bridgesport.ru/players-and-ratings/ratings/75038/,938
74032,2,Открытый рейтинг,Открытый рейтинг на 1 мая 2025 г.,https://www.bridgesport.ru/players-and-ratings/ratings/74032/,930
73038,2,Открытый рейтинг,Открытый рейтинг на 1 апреля 2025 г.,https://www.bridgesport.ru/players-and-ratings/ratings/73038/,919
71885,2,Открытый рейтинг,Открытый рейтинг на 1 марта 2025 г.,https://www.bridgesport.ru/players-and-ratings/ratings/71885/,915
70793,2,Открытый рейтинг,Открытый рейтинг на 1 февраля 2025 г.,https://www.bridgesport.ru/players-and-ratings/ratings/70793/,910
69857,2,Открытый рейтинг,Открытый рейтинг на 1 января 2025 г.,https://www.bridgesport.ru/players-and-ratings/ratings/69857/,910
68681,2,Открытый рейтинг,Открытый рейтинг на 1 декабря 2024 г.,https://www.bridgesport.ru/players-and-ratings/ratings/68681/,900
67692,2,Открытый рейтинг,Открытый рейтинг на 1 ноября 2024 г.,https://www.bridgesport.ru/players-and-ratings/ratings/67692/,891
66632,2,Открытый рейтинг,Открытый рейтинг на 1 октября 2024 г.,https://www.bridgesport.ru/players-and-ratings/ratings/66632/,889
65655,2,Открытый рейтинг,Открытый рейтинг на 1 сентября 2024 г.,https://www.bridgesport.ru/players-and-ratings/ratings/65655/,881
64710,2,Открытый рейтинг,Открытый рейтинг на 1 августа 2024 г.,https://www.bridgesport.ru/players-and-ratings/ratings/64710/,877
63691,2,Открытый рейтинг,Открытый рейтинг на 1 июля 2024 г.,https://www.bridgesport.ru/players-and-ratings/ratings/63691/,868
62730,2,Открытый рейтинг,Открытый рейтинг на 1 июня 2024 г.,https://www.bridgesport.ru/players-and-ratings/ratings/62730/,863
61627,2,Открытый рейтинг,Открытый рейтинг на 1 мая 2024 г.,https://www.bridgesport.ru/players-and-ratings/ratings/61627/,856
60808,2,Открытый рейтинг,Открытый рейтинг на 1 апреля 2024 г.,https://www.bridgesport.ru/players-and-ratings/ratings/60808/,847
59824,2,Открытый рейтинг,Открытый рейтинг на 1 марта 2024 г.,https://www.bridgesport.ru/players-and-ratings/ratings/59824/,838
58729,2,Открытый рейтинг,Открытый рейтинг на 1 февраля 2024 г.,https://www.bridgesport.ru/players-and-ratings/ratings/58729/,823
57800,2,Открытый рейтинг,Открытый рейтинг на 1 января 2024 г.,https://www.bridgesport.ru/players-and-ratings/ratings/57800/,819
56849,2,Открытый рейтинг,Открытый рейтинг на 1 декабря 2023 г.,https://www.bridgesport.ru/players-and-ratings/ratings/56849/,814
55948,2,Открытый рейтинг,Открытый рейтинг на 1 ноября 2023 г.,https://www.bridgesport.ru/players-and-ratings/ratings/55948/,823
54736,2,Открытый рейтинг,Открытый рейтинг на 1 октября 2023 г.,https://www.bridgesport.ru/players-and-ratings/ratings/54736/,805
53817,2,Открытый рейтинг,Открытый рейтинг на 1 сентября 2023 г.,https://www.bridgesport.ru/players-and-ratings/ratings/53817/,807
52820,2,Открытый рейтинг,Открытый рейтинг на 1 августа 2023 г.,https://www.bridgesport.ru/players-and-ratings/ratings/52820/,804
52043,2,Открытый рейтинг,Открытый рейтинг на 1 июля 2023 г.,https://www.bridgesport.ru/players-and-ratings/ratings/52043/,801
51364,2,Открытый рейтинг,Открытый рейтинг на 1 июня 2023 г.,https://www.bridgesport.ru/players-and-ratings/ratings/51364/,801
50540,2,Открытый рейтинг,Открытый рейтинг на 1 мая 2023 г.,https://www.bridgesport.ru/players-and-ratings/ratings/50540/,799
49649,2,Открытый рейтинг,Открытый рейтинг на 1 апреля 2023 г.,https://www.bridgesport.ru/players-and-ratings/ratings/49649/,792
48974,2,Открытый рейтинг,Открытый рейтинг на 1 марта 2023 г.,https://www.bridgesport.ru/players-and-ratings/ratings/48974/,791
48282,2,Открытый рейтинг,Открытый рейтинг на 1 февраля 2023 г.,https://www.bridgesport.ru/players-and-ratings/ratings/48282/,771
47455,2,Открытый рейтинг,Открытый рейтинг на 1 января 2023 г.,https://www.bridgesport.ru/players-and-ratings/ratings/47455/,767
46915,2,Открытый рейтинг,Открытый рейтинг на 1 декабря 2022 г.,https://www.bridgesport.ru/players-and-ratings/ratings/46915/,767
46164,2,Открытый рейтинг,Открытый рейтинг на 1 ноября 2022 г.,https://www.bridgesport.ru/players-and-ratings/ratings/46164/,766
45316,2,Открытый рейтинг,Открытый рейтинг на 1 октября 2022 г.,https://www.bridgesport.ru/players-and-ratings/ratings/45316/,747
44797,2,Открытый рейтинг,Открытый рейтинг на 1 сентября 2022 г.,https://www.bridgesport.ru/players-and-ratings/ratings/44797/,745
44123,2,Открытый рейтинг,Открытый рейтинг на 1 августа 2022 г.,https://www.bridgesport.ru/players-and-ratings/ratings/44123/,746
43641,2,Открытый рейтинг,Открытый рейтинг на 1 июля 2022 г.,https://www.bridgesport.ru/players-and-ratings/ratings/43641/,745
43069,2,Открытый рейтинг,Открытый рейтинг на 1 июня 2022 г.,https://www.bridgesport.ru/players-and-ratings/ratings/43069/,744
42451,2,Открытый рейтинг,Открытый рейтинг на 1 мая 2022 г.,https://www.bridgesport.ru/players-and-ratings/ratings/42451/,740
41974,2,Открытый рейтинг,Открытый рейтинг на 1 апреля 2022 г.,https://www.bridgesport.ru/players-and-ratings/ratings/41974/,742
41486,2,Открытый рейтинг,Открытый рейтинг на 1 марта 2022 г.,https://www.bridgesport.ru/players-and-ratings/ratings/41486/,738
40927,2,Открытый рейтинг,Открытый рейтинг на 1 февраля 2022 г.,https://www.bridgesport.ru/players-and-ratings/ratings/40927/,723
40281,2,Открытый рейтинг,Открытый рейтинг на 1 января 2022 г.,https://www.bridgesport.ru/players-and-ratings/ratings/40281/,717
40112,2,Открытый рейтинг,Открытый рейтинг на 1 декабря 2021 г.,https://www.bridgesport.ru/players-and-ratings/ratings/40112/,707
39836,2,Открытый рейтинг,Открытый рейтинг на 1 ноября 2021 г.,https://www.bridgesport.ru/players-and-ratings/ratings/39836/,712
39788,2,Открытый рейтинг,Открытый рейтинг на 1 октября 2021 г.,https://www.bridgesport.ru/players-and-ratings/ratings/39788/,708
39734,2,Открытый рейтинг,Открытый рейтинг на 1 сентября 2021 г.,https://www.bridgesport.ru/players-and-ratings/ratings/39734/,703
39666,2,Открытый рейтинг,Открытый рейтинг на 1 августа 2021 г.,https://www.bridgesport.ru/players-and-ratings/ratings/39666/,698
39596,2,Открытый рейтинг,Открытый рейтинг на 1 июля 2021 г.,https://www.bridgesport.ru/players-and-ratings/ratings/39596/,690
39503,2,Открытый рейтинг,Открытый рейтинг на 1 июня 2021 г.,https://www.bridgesport.ru/players-and-ratings/ratings/39503/,683
39400,2,Открытый рейтинг,Открытый рейтинг на 1 мая 2021 г.,https://www.bridgesport.ru/players-and-ratings/ratings/39400/,681
39329,2,Открытый рейтинг,Открытый рейтинг на 1 апреля 2021 г.,https://www.bridgesport.ru/players-and-ratings/ratings/39329/,672
39279,2,Открытый рейтинг,Открытый рейтинг на 1 марта 2021 г.,https://www.bridgesport.ru/players-and-ratings/ratings/39279/,672
39227,2,Открытый рейтинг,Открытый рейтинг на 1 февраля 2021 г.,https://www.bridgesport.ru/players-and-ratings/ratings/39227/,661
39017,2,Открытый рейтинг,Открытый рейтинг на 1 января 2021 г.,https://www.bridgesport.ru/players-and-ratings/ratings/39017/,652
38978,2,Открытый рейтинг,Открытый рейтинг на 1 декабря 2020 г.,https://www.bridgesport.ru/players-and-ratings/ratings/38978/,666
38948,2,Открытый рейтинг,Открытый рейтинг на 1 ноября 2020 г.,https://www.bridgesport.ru/players-and-ratings/ratings/38948/,668
38900,2,Открытый рейтинг,Открытый рейтинг на 1 октября 2020 г.,https://www.bridgesport.ru/players-and-ratings/ratings/38900/,661
38859,2,Открытый рейтинг,Открытый рейтинг на 1 сентября 2020 г.,https://www.bridgesport.ru/players-and-ratings/ratings/38859/,658
38802,2,Открытый рейтинг,Открытый рейтинг на 1 августа 2020 г.,https://www.bridgesport.ru/players-and-ratings/ratings/38802/,652
38760,2,Открытый рейтинг,Открытый рейтинг на 1 июля 2020 г.,https://www.bridgesport.ru/players-and-ratings/ratings/38760/,645
38733,2,Открытый рейтинг,Открытый рейтинг на 1 июня 2020 г.,https://www.bridgesport.ru/players-and-ratings/ratings/38733/,650
38429,2,Открытый рейтинг,Открытый рейтинг на 1 мая 2020 г.,https://www.bridgesport.ru/players-and-ratings/ratings/38429/,650
38143,2,Открытый рейтинг,Открытый рейтинг на 1 апреля 2020 г.,https://www.bridgesport.ru/players-and-ratings/ratings/38143/,650
37867,2,Открытый рейтинг,Открытый рейтинг на 1 марта 2020 г.,https://www.bridgesport.ru/players-and-ratings/ratings/37867/,650
37785,2,Открытый рейтинг,Открытый рейтинг на 1 февраля 2020 г.,https://www.bridgesport.ru/players-and-ratings/ratings/37785/,645
37518,2,Открытый рейтинг,Открытый рейтинг на 1 января 2020 г.,https://www.bridgesport.ru/players-and-ratings/ratings/37518/,645
37566,2,Открытый рейтинг,Открытый рейтинг на 1 декабря 2019 г.,https://www.bridgesport.ru/players-and-ratings/ratings/37566/,644
37562,2,Открытый рейтинг,Открытый рейтинг на 1 ноября 2019 г.,https://www.bridgesport.ru/players-and-ratings/ratings/37562/,634
37558,2,Открытый рейтинг,Открытый рейтинг на 1 октября 2019 г.,https://www.bridgesport.ru/players-and-ratings/ratings/37558/,641
37554,2,Открытый рейтинг,Открытый рейтинг на 1 сентября 2019 г.,https://www.bridgesport.ru/players-and-ratings/ratings/37554/,626
37550,2,Открытый рейтинг,Открытый рейтинг на 1 августа 2019 г.,https://www.bridgesport.ru/players-and-ratings/ratings/37550/,620
37546,2,Открытый рейтинг,Открытый рейтинг на 1 июля 2019 г.,https://www.bridgesport.ru/players-and-ratings/ratings/37546/,619
37542,2,Открытый рейтинг,Открытый рейтинг на 1 июня 2019 г.,https://www.bridgesport.ru/players-and-ratings/ratings/37542/,619
37538,2,Открытый рейтинг,Открытый рейтинг на 1 мая 2019 г.,https://www.bridgesport.ru/players-and-ratings/ratings/37538/,623
37534,2,Открытый рейтинг,Открытый рейтинг на 1 апреля 2019 г.,https://www.bridgesport.ru/players-and-ratings/ratings/37534/,622
37530,2,Открытый рейтинг,Открытый рейтинг на 1 марта 2019 г.,https://www.bridgesport.ru/players-and-ratings/ratings/37530/,623
37526,2,Открытый рейтинг,Открытый рейтинг на 1 февраля 2019 г.,https://www.bridgesport.ru/players-and-ratings/ratings/37526/,624
37522,2,Открытый рейтинг,Открытый рейтинг на 1 января 2019 г.,https://www.bridgesport.ru/players-and-ratings/ratings/37522/,623
37614,2,Открытый рейтинг,Открытый рейтинг на 1 декабря 2018 г.,https://www.bridgesport.ru/players-and-ratings/ratings/37614/,618
37610,2,Открытый рейтинг,Открытый рейтинг на 1 ноября 2018 г.,https://www.bridgesport.ru/players-and-ratings/ratings/37610/,620
37606,2,Открытый рейтинг,Открытый рейтинг на 1 октября 2018 г.,https://www.bridgesport.ru/players-and-ratings/ratings/37606/,624
37602,2,Открытый рейтинг,Открытый рейтинг на 1 сентября 2018 г.,https://www.bridgesport.ru/players-and-ratings/ratings/37602/,624
37598,2,Открытый рейтинг,Открытый рейтинг на 1 августа 2018 г.,https://www.bridgesport.ru/players-and-ratings/ratings/37598/,636
37594,2,Открытый рейтинг,Открытый рейтинг на 1 июля 2018 г.,https://www.bridgesport.ru/players-and-ratings/ratings/37594/,642
37590,2,Открытый рейтинг,Открытый рейтинг на 1 июня 2018 г.,https://www.bridgesport.ru/players-and-ratings/ratings/37590/,643
37586,2,Открытый рейтинг,Открытый рейтинг на 1 мая 2018 г.,https://www.bridgesport.ru/players-and-ratings/ratings/37586/,651
37582,2,Открытый рейтинг,Открытый рейтинг на 1 апреля 2018 г.,https://www.bridgesport.ru/players-and-ratings/ratings/37582/,644
37578,2,Открытый рейтинг,Открытый рейтинг на 1 марта 2018 г.,https://www.bridgesport.ru/players-and-ratings/ratings/37578/,647
37574,2,Открытый рейтинг,Открытый рейтинг на 1 февраля 2018 г.,https://www.bridgesport.ru/players-and-ratings/ratings/37574/,645
37570,2,Открытый рейтинг,Открытый рейтинг на 1 января 2018 г.,https://www.bridgesport.ru/players-and-ratings/ratings/37570/,647
37662,2,Открытый рейтинг,Открытый рейтинг на 1 декабря 2017 г.,https://www.bridgesport.ru/players-and-ratings/ratings/37662/,649
37658,2,Открытый рейтинг,Открытый рейтинг на 1 ноября 2017 г.,https://www.bridgesport.ru/players-and-ratings/ratings/37658/,649
37654,2,Открытый рейтинг,Открытый рейтинг на 1 октября 2017 г.,https://www.bridgesport.ru/players-and-ratings/ratings/37654/,649
37650,2,Открытый рейтинг,Открытый рейтинг на 1 сентября 2017 г.,https://www.bridgesport.ru/players-and-ratings/ratings/37650/,651
37646,2,Открытый рейтинг,Открытый рейтинг на 1 августа 2017 г.,https://www.bridgesport.ru/players-and-ratings/ratings/37646/,651
37642,2,Открытый рейтинг,Открытый рейтинг на 1 июля 2017 г.,https://www.bridgesport.ru/players-and-ratings/ratings/37642/,651
37638,2,Открытый рейтинг,Открытый рейтинг на 1 июня 2017 г.,https://www.bridgesport.ru/players-and-ratings/ratings/37638/,659
37634,2,Открытый рейтинг,Открытый рейтинг на 1 мая 2017 г.,https://www.bridgesport.ru/players-and-ratings/ratings/37634/,659
37630,2,Открытый рейтинг,Открытый рейтинг на 1 апреля 2017 г.,https://www.bridgesport.ru/players-and-ratings/ratings/37630/,659
37626,2,Открытый рейтинг,Открытый рейтинг на 1 марта 2017 г.,https://www.bridgesport.ru/players-and-ratings/ratings/37626/,665
37622,2,Открытый рейтинг,Открытый рейтинг на 1 февраля 2017 г.,https://www.bridgesport.ru/players-and-ratings/ratings/37622/,665
37618,2,Открытый рейтинг,Открытый рейтинг на 1 января 2017 г.,https://www.bridgesport.ru/players-and-ratings/ratings/37618/,665
37710,2,Открытый рейтинг,Открытый рейтинг на 1 декабря 2016 г.,https://www.bridgesport.ru/players-and-ratings/ratings/37710/,674
37706,2,Открытый рейтинг,Открытый рейтинг на 1 ноября 2016 г.,https://www.bridgesport.ru/players-and-ratings/ratings/37706/,674
37702,2,Открытый рейтинг,Открытый рейтинг на 1 октября 2016 г.,https://www.bridgesport.ru/players-and-ratings/ratings/37702/,674
37698,2,Открытый рейтинг,Открытый рейтинг на 1 сентября 2016 г.,https://www.bridgesport.ru/players-and-ratings/ratings/37698/,668
37694,2,Открытый рейтинг,Открытый рейтинг на 1 августа 2016 г.,https://www.bridgesport.ru/players-and-ratings/ratings/37694/,668
37690,2,Открытый рейтинг,Открытый рейтинг на 1 июля 2016 г.,https://www.bridgesport.ru/players-and-ratings/ratings/37690/,668
37686,2,Открытый рейтинг,Открытый рейтинг на 1 июня 2016 г.,https://www.bridgesport.ru/players-and-ratings/ratings/37686/,674
37682,2,Открытый рейтинг,Открытый рейтинг на 1 мая 2016 г.,https://www.bridgesport.ru/players-and-ratings/ratings/37682/,674
37678,2,Открытый рейтинг,Открытый рейтинг на 1 апреля 2016 г.,https://www.bridgesport.ru/players-and-ratings/ratings/37678/,674
37674,2,Открытый рейтинг,Открытый рейтинг на 1 марта 2016 г.,https://www.bridgesport.ru/players-and-ratings/ratings/37674/,676
37670,2,Открытый рейтинг,Открытый рейтинг на 1 февраля 2016 г.,https://www.bridgesport.ru/players-and-ratings/ratings/37670/,676
37666,2,Открытый рейтинг,Открытый рейтинг на 1 января 2016 г.,https://www.bridgesport.ru/players-and-ratings/ratings/37666/,676
37758,2,Открытый рейтинг,Открытый рейтинг на 1 декабря 2015 г.,https://www.bridgesport.ru/players-and-ratings/ratings/37758/,667
37754,2,Открытый рейтинг,Открытый рейтинг на 1 ноября 2015 г.,https://www.bridgesport.ru/players-and-ratings/ratings/37754/,667
37750,2,Открытый рейтинг,Открытый рейтинг на 1 октября 2015 г.,https://www.bridgesport.ru/players-and-ratings/ratings/37750/,667
37746,2,Открытый рейтинг,Открытый рейтинг на 1 сентября 2015 г.,https://www.bridgesport.ru/players-and-ratings/ratings/37746/,665
37742,2,Открытый рейтинг,Открытый рейтинг на 1 августа 2015 г.,https://www.bridgesport.ru/players-and-ratings/ratings/37742/,665
37738,2,Открытый рейтинг,Открытый рейтинг на 1 июля 2015 г.,https://www.bridgesport.ru/players-and-ratings/ratings/37738/,665
37734,2,Открытый рейтинг,Открытый рейтинг на 1 июня 2015 г.,https://www.bridgesport.ru/players-and-ratings/ratings/37734/,663
37730,2,Открытый рейтинг,Открытый рейтинг на 1 мая 2015 г.,https://www.bridgesport.ru/players-and-ratings/ratings/37730/,663
37726,2,Открытый рейтинг,Открытый рейтинг на 1 апреля 2015 г.,https://www.bridgesport.ru/players-and-ratings/ratings/37726/,663
37722,2,Открытый рейтинг,Открытый рейтинг на 1 марта 2015 г.,https://www.bridgesport.ru/players-and-ratings/ratings/37722/,661
37718,2,Открытый рейтинг,Открытый рейтинг на 1 февраля 2015 г.,https://www.bridgesport.ru/players-and-ratings/ratings/37718/,661
37714,2,Открытый рейтинг,Открытый рейтинг на 1 января 2015 г.,https://www.bridgesport.ru/players-and-ratings/ratings/37714/,661
85186,3,Женский рейтинг,Женский рейтинг на 1 марта 2026 г.,https://www.bridgesport.ru/players-and-ratings/ratings/85186/,318
83901,3,Женский рейтинг,Женский рейтинг на 1 февраля 2026 г.,https://www.bridgesport.ru/players-and-ratings/ratings/83901/,317
82784,3,Женский рейтинг,Женский рейтинг на 1 января 2026 г.,https://www.bridgesport.ru/players-and-ratings/ratings/82784/,316
81622,3,Женский рейтинг,Женский рейтинг на 1 декабря 2025 г.,https://www.bridgesport.ru/players-and-ratings/ratings/81622/,316
80347,3,Женский рейтинг,Женский рейтинг на 1 ноября 2025 г.,https://www.bridgesport.ru/players-and-ratings/ratings/80347/,312
79169,3,Женский рейтинг,Женский рейтинг на 1 октября 2025 г.,https://www.bridgesport.ru/players-and-ratings/ratings/79169/,313
78148,3,Женский рейтинг,Женский рейтинг на 1 сентября 2025 г.,https://www.bridgesport.ru/players-and-ratings/ratings/78148/,310
77095,3,Женский рейтинг,Женский рейтинг на 1 августа 2025 г.,https://www.bridgesport.ru/players-and-ratings/ratings/77095/,308
76102,3,Женский рейтинг,Женский рейтинг на 1 июля 2025 г.,https://www.bridgesport.ru/players-and-ratings/ratings/76102/,307
75039,3,Женский рейтинг,Женский рейтинг на 1 июня 2025 г.,https://www.bridgesport.ru/players-and-ratings/ratings/75039/,303
74033,3,Женский рейтинг,Женский рейтинг на 1 мая 2025 г.,https://www.bridgesport.ru/players-and-ratings/ratings/74033/,296
73039,3,Женский рейтинг,Женский рейтинг на 1 апреля 2025 г.,https://www.bridgesport.ru/players-and-ratings/ratings/73039/,288
71886,3,Женский рейтинг,Женский рейтинг на 1 марта 2025 г.,https://www.bridgesport.ru/players-and-ratings/ratings/71886/,286
70794,3,Женский рейтинг,Женский рейтинг на 1 февраля 2025 г.,https://www.bridgesport.ru/players-and-ratings/ratings/70794/,286
69858,3,Женский рейтинг,Женский рейтинг на 1 января 2025 г.,https://www.bridgesport.ru/players-and-ratings/ratings/69858/,286
68682,3,Женский рейтинг,Женский рейтинг на 1 декабря 2024 г.,https://www.bridgesport.ru/players-and-ratings/ratings/68682/,282
67693,3,Женский рейтинг,Женский рейтинг на 1 ноября 2024 г.,https://www.bridgesport.ru/players-and-ratings/ratings/67693/,279
66633,3,Женский рейтинг,Женский рейтинг на 1 октября 2024 г.,https://www.bridgesport.ru/players-and-ratings/ratings/66633/,279
65656,3,Женский рейтинг,Женский рейтинг на 1 сентября 2024 г.,https://www.bridgesport.ru/players-and-ratings/ratings/65656/,271
64711,3,Женский рейтинг,Женский рейтинг на 1 августа 2024 г.,https://www.bridgesport.ru/players-and-ratings/ratings/64711/,269
63692,3,Женский рейтинг,Женский рейтинг на 1 июля 2024 г.,https://www.bridgesport.ru/players-and-ratings/ratings/63692/,265
62731,3,Женский рейтинг,Женский рейтинг на 1 июня 2024 г.,https://www.bridgesport.ru/players-and-ratings/ratings/62731/,263
61628,3,Женский рейтинг,Женский рейтинг на 1 мая 2024 г.,https://www.bridgesport.ru/players-and-ratings/ratings/61628/,262
60809,3,Женский рейтинг,Женский рейтинг на 1 апреля 2024 г.,https://www.bridgesport.ru/players-and-ratings/ratings/60809/,259
59825,3,Женский рейтинг,Женский рейтинг на 1 марта 2024 г.,https://www.bridgesport.ru/players-and-ratings/ratings/59825/,254
58730,3,Женский рейтинг,Женский рейтинг на 1 февраля 2024 г.,https://www.bridgesport.ru/players-and-ratings/ratings/58730/,243
57801,3,Женский рейтинг,Женский рейтинг на 1 января 2024 г.,https://www.bridgesport.ru/players-and-ratings/ratings/57801/,237
56850,3,Женский рейтинг,Женский рейтинг на 1 декабря 2023 г.,https://www.bridgesport.ru/players-and-ratings/ratings/56850/,240
55949,3,Женский рейтинг,Женский рейтинг на 1 ноября 2023 г.,https://www.bridgesport.ru/players-and-ratings/ratings/55949/,240
54737,3,Женский рейтинг,Женский рейтинг на 1 октября 2023 г.,https://www.bridgesport.ru/players-and-ratings/ratings/54737/,233
53818,3,Женский рейтинг,Женский рейтинг на 1 сентября 2023 г.,https://www.bridgesport.ru/players-and-ratings/ratings/53818/,229
52821,3,Женский рейтинг,Женский рейтинг на 1 августа 2023 г.,https://www.bridgesport.ru/players-and-ratings/ratings/52821/,229
52044,3,Женский рейтинг,Женский рейтинг на 1 июля 2023 г.,https://www.bridgesport.ru/players-and-ratings/ratings/52044/,229
51365,3,Женский рейтинг,Женский рейтинг на 1 июня 2023 г.,https://www.bridgesport.ru/players-and-ratings/ratings/51365/,227
50541,3,Женский рейтинг,Женский рейтинг на 1 мая 2023 г.,https://www.bridgesport.ru/players-and-ratings/ratings/50541/,225
49650,3,Женский рейтинг,Женский рейтинг на 1 апреля 2023 г.,https://www.bridgesport.ru/players-and-ratings/ratings/49650/,222
48975,3,Женский рейтинг,Женский рейтинг на 1 марта 2023 г.,https://www.bridgesport.ru/players-and-ratings/ratings/48975/,222
48283,3,Женский рейтинг,Женский рейтинг на 1 февраля 2023 г.,https://www.bridgesport.ru/players-and-ratings/ratings/48283/,208
47456,3,Женский рейтинг,Женский рейтинг на 1 января 2023 г.,https://www.bridgesport.ru/players-and-ratings/ratings/47456/,206
46916,3,Женский рейтинг,Женский рейтинг на 1 декабря 2022 г.,https://www.bridgesport.ru/players-and-ratings/ratings/46916/,205
46165,3,Женский рейтинг,Женский рейтинг на 1 ноября 2022 г.,https://www.bridgesport.ru/players-and-ratings/ratings/46165/,207
45317,3,Женский рейтинг,Женский рейтинг на 1 октября 2022 г.,https://www.bridgesport.ru/players-and-ratings/ratings/45317/,200
44798,3,Женский рейтинг,Женский рейтинг на 1 сентября 2022 г.,https://www.bridgesport.ru/players-and-ratings/ratings/44798/,200
44124,3,Женский рейтинг,Женский рейтинг на 1 августа 2022 г.,https://www.bridgesport.ru/players-and-ratings/ratings/44124/,198
43642,3,Женский рейтинг,Женский рейтинг на 1 июля 2022 г.,https://www.bridgesport.ru/players-and-ratings/ratings/43642/,197
43070,3,Женский рейтинг,Женский рейтинг на 1 июня 2022 г.,https://www.bridgesport.ru/players-and-ratings/ratings/43070/,196
42452,3,Женский рейтинг,Женский рейтинг на 1 мая 2022 г.,https://www.bridgesport.ru/players-and-ratings/ratings/42452/,195
41975,3,Женский рейтинг,Женский рейтинг на 1 апреля 2022 г.,https://www.bridgesport.ru/players-and-ratings/ratings/41975/,194
41487,3,Женский рейтинг,Женский рейтинг на 1 марта 2022 г.,https://www.bridgesport.ru/players-and-ratings/ratings/41487/,188
40928,3,Женский рейтинг,Женский рейтинг на 1 февраля 2022 г.,https://www.bridgesport.ru/players-and-ratings/ratings/40928/,184
40282,3,Женский рейтинг,Женский рейтинг на 1 января 2022 г.,https://www.bridgesport.ru/players-and-ratings/ratings/40282/,182
40113,3,Женский рейтинг,Женский рейтинг на 1 декабря 2021 г.,https://www.bridgesport.ru/players-and-ratings/ratings/40113/,173
39837,3,Женский рейтинг,Женский рейтинг на 1 ноября 2021 г.,https://www.bridgesport.ru/players-and-ratings/ratings/39837/,173
39789,3,Женский рейтинг,Женский рейтинг на 1 октября 2021 г.,https://www.bridgesport.ru/players-and-ratings/ratings/39789/,173
39735,3,Женский рейтинг,Женский рейтинг на 1 сентября 2021 г.,https://www.bridgesport.ru/players-and-ratings/ratings/39735/,173
39667,3,Женский рейтинг,Женский рейтинг на 1 августа 2021 г.,https://www.bridgesport.ru/players-and-ratings/ratings/39667/,172
39597,3,Женский рейтинг,Женский рейтинг на 1 июля 2021 г.,https://www.bridgesport.ru/players-and-ratings/ratings/39597/,165
39504,3,Женский рейтинг,Женский рейтинг на 1 июня 2021 г.,https://www.bridgesport.ru/players-and-ratings/ratings/39504/,165
39401,3,Женский рейтинг,Женский рейтинг на 1 мая 2021 г.,https://www.bridgesport.ru/players-and-ratings/ratings/39401/,163
39330,3,Женский рейтинг,Женский рейтинг на 1 апреля 2021 г.,https://www.bridgesport.ru/players-and-ratings/ratings/39330/,161
39280,3,Женский рейтинг,Женский рейтинг на 1 марта 2021 г.,https://www.bridgesport.ru/players-and-ratings/ratings/39280/,162
39228,3,Женский рейтинг,Женский рейтинг на 1 февраля 2021 г.,https://www.bridgesport.ru/players-and-ratings/ratings/39228/,158
39018,3,Женский рейтинг,Женский рейтинг на 1 января 2021 г.,https://www.bridgesport.ru/players-and-ratings/ratings/39018/,155
38979,3,Женский рейтинг,Женский рейтинг на 1 декабря 2020 г.,https://www.bridgesport.ru/players-and-ratings/ratings/38979/,159
38949,3,Женский рейтинг,Женский рейтинг на 1 ноября 2020 г.,https://www.bridgesport.ru/players-and-ratings/ratings/38949/,158
38901,3,Женский рейтинг,Женский рейтинг на 1 октября 2020 г.,https://www.bridgesport.ru/players-and-ratings/ratings/38901/,157
38860,3,Женский рейтинг,Женский рейтинг на 1 сентября 2020 г.,https://www.bridgesport.ru/players-and-ratings/ratings/38860/,157
38803,3,Женский рейтинг,Женский рейтинг на 1 августа 2020 г.,https://www.bridgesport.ru/players-and-ratings/ratings/38803/,153
38761,3,Женский рейтинг,Женский рейтинг на 1 июля 2020 г.,https://www.bridgesport.ru/players-and-ratings/ratings/38761/,150
38734,3,Женский рейтинг,Женский рейтинг на 1 июня 2020 г.,https://www.bridgesport.ru/players-and-ratings/ratings/38734/,149
38430,3,Женский рейтинг,Женский рейтинг на 1 мая 2020 г.,https://www.bridgesport.ru/players-and-ratings/ratings/38430/,149
38144,3,Женский рейтинг,Женский рейтинг на 1 апреля 2020 г.,https://www.bridgesport.ru/players-and-ratings/ratings/38144/,149
37868,3,Женский рейтинг,Женский рейтинг на 1 марта 2020 г.,https://www.bridgesport.ru/players-and-ratings/ratings/37868/,148
37786,3,Женский рейтинг,Женский рейтинг на 1 февраля 2020 г.,https://www.bridgesport.ru/players-and-ratings/ratings/37786/,148
37519,3,Женский рейтинг,Женский рейтинг на 1 января 2020 г.,https://www.bridgesport.ru/players-and-ratings/ratings/37519/,148
37567,3,Женский рейтинг,Женский рейтинг на 1 декабря 2019 г.,https://www.bridgesport.ru/players-and-ratings/ratings/37567/,143
37563,3,Женский рейтинг,Женский рейтинг на 1 ноября 2019 г.,https://www.bridgesport.ru/players-and-ratings/ratings/37563/,141
37559,3,Женский рейтинг,Женский рейтинг на 1 октября 2019 г.,https://www.bridgesport.ru/players-and-ratings/ratings/37559/,142
37555,3,Женский рейтинг,Женский рейтинг на 1 сентября 2019 г.,https://www.bridgesport.ru/players-and-ratings/ratings/37555/,138
37551,3,Женский рейтинг,Женский рейтинг на 1 августа 2019 г.,https://www.bridgesport.ru/players-and-ratings/ratings/37551/,135
37547,3,Женский рейтинг,Женский рейтинг на 1 июля 2019 г.,https://www.bridgesport.ru/players-and-ratings/ratings/37547/,135
37543,3,Женский рейтинг,Женский рейтинг на 1 июня 2019 г.,https://www.bridgesport.ru/players-and-ratings/ratings/37543/,135
37539,3,Женский рейтинг,Женский рейтинг на 1 мая 2019 г.,https://www.bridgesport.ru/players-and-ratings/ratings/37539/,136
37535,3,Женский рейтинг,Женский рейтинг на 1 апреля 2019 г.,https://www.bridgesport.ru/players-and-ratings/ratings/37535/,136
37531,3,Женский рейтинг,Женский рейтинг на 1 марта 2019 г.,https://www.bridgesport.ru/players-and-ratings/ratings/37531/,134
37527,3,Женский рейтинг,Женский рейтинг на 1 февраля 2019 г.,https://www.bridgesport.ru/players-and-ratings/ratings/37527/,134
37523,3,Женский рейтинг,Женский рейтинг на 1 января 2019 г.,https://www.bridgesport.ru/players-and-ratings/ratings/37523/,134
37615,3,Женский рейтинг,Женский рейтинг на 1 декабря 2018 г.,https://www.bridgesport.ru/players-and-ratings/ratings/37615/,134
37611,3,Женский рейтинг,Женский рейтинг на 1 ноября 2018 г.,https://www.bridgesport.ru/players-and-ratings/ratings/37611/,132
37607,3,Женский рейтинг,Женский рейтинг на 1 октября 2018 г.,https://www.bridgesport.ru/players-and-ratings/ratings/37607/,132
37603,3,Женский рейтинг,Женский рейтинг на 1 сентября 2018 г.,https://www.bridgesport.ru/players-and-ratings/ratings/37603/,131
37599,3,Женский рейтинг,Женский рейтинг на 1 августа 2018 г.,https://www.bridgesport.ru/players-and-ratings/ratings/37599/,131
37595,3,Женский рейтинг,Женский рейтинг на 1 июля 2018 г.,https://www.bridgesport.ru/players-and-ratings/ratings/37595/,134
37591,3,Женский рейтинг,Женский рейтинг на 1 июня 2018 г.,https://www.bridgesport.ru/players-and-ratings/ratings/37591/,134
37587,3,Женский рейтинг,Женский рейтинг на 1 мая 2018 г.,https://www.bridgesport.ru/players-and-ratings/ratings/37587/,133
37583,3,Женский рейтинг,Женский рейтинг на 1 апреля 2018 г.,https://www.bridgesport.ru/players-and-ratings/ratings/37583/,131
37579,3,Женский рейтинг,Женский рейтинг на 1 марта 2018 г.,https://www.bridgesport.ru/players-and-ratings/ratings/37579/,133
37575,3,Женский рейтинг,Женский рейтинг на 1 февраля 2018 г.,https://www.bridgesport.ru/players-and-ratings/ratings/37575/,133
37571,3,Женский рейтинг,Женский рейтинг на 1 января 2018 г.,https://www.bridgesport.ru/players-and-ratings/ratings/37571/,133
37663,3,Женский рейтинг,Женский рейтинг на 1 декабря 2017 г.,https://www.bridgesport.ru/players-and-ratings/ratings/37663/,132
37659,3,Женский рейтинг,Женский рейтинг на 1 ноября 2017 г.,https://www.bridgesport.ru/players-and-ratings/ratings/37659/,132
37655,3,Женский рейтинг,Женский рейтинг на 1 октября 2017 г.,https://www.bridgesport.ru/players-and-ratings/ratings/37655/,132
37651,3,Женский рейтинг,Женский рейтинг на 1 сентября 2017 г.,https://www.bridgesport.ru/players-and-ratings/ratings/37651/,131
37647,3,Женский рейтинг,Женский рейтинг на 1 августа 2017 г.,https://www.bridgesport.ru/players-and-ratings/ratings/37647/,131
37643,3,Женский рейтинг,Женский рейтинг на 1 июля 2017 г.,https://www.bridgesport.ru/players-and-ratings/ratings/37643/,131
37639,3,Женский рейтинг,Женский рейтинг на 1 июня 2017 г.,https://www.bridgesport.ru/players-and-ratings/ratings/37639/,131
37635,3,Женский рейтинг,Женский рейтинг на 1 мая 2017 г.,https://www.bridgesport.ru/players-and-ratings/ratings/37635/,131
37631,3,Женский рейтинг,Женский рейтинг на 1 апреля 2017 г.,https://www.bridgesport.ru/players-and-ratings/ratings/37631/,131
37627,3,Женский рейтинг,Женский рейтинг на 1 марта 2017 г.,https://www.bridgesport.ru/players-and-ratings/ratings/37627/,134
37623,3,Женский рейтинг,Женский рейтинг на 1 февраля 2017 г.,https://www.bridgesport.ru/players-and-ratings/ratings/37623/,134
37619,3,Женский рейтинг,Женский рейтинг на 1 января 2017 г.,https://www.bridgesport.ru/players-and-ratings/ratings/37619/,134
37711,3,Женский рейтинг,Женский рейтинг на 1 декабря 2016 г.,https://www.bridgesport.ru/players-and-ratings/ratings/37711/,134
37707,3,Женский рейтинг,Женский рейтинг на 1 ноября 2016 г.,https://www.bridgesport.ru/players-and-ratings/ratings/37707/,134
37703,3,Женский рейтинг,Женский рейтинг на 1 октября 2016 г.,https://www.bridgesport.ru/players-and-ratings/ratings/37703/,134
37699,3,Женский рейтинг,Женский рейтинг на 1 сентября 2016 г.,https://www.bridgesport.ru/players-and-ratings/ratings/37699/,133
37695,3,Женский рейтинг,Женский рейтинг на 1 августа 2016 г.,https://www.bridgesport.ru/players-and-ratings/ratings/37695/,133
37691,3,Женский рейтинг,Женский рейтинг на 1 июля 2016 г.,https://www.bridgesport.ru/players-and-ratings/ratings/37691/,133
37687,3,Женский рейтинг,Женский рейтинг на 1 июня 2016 г.,https://www.bridgesport.ru/players-and-ratings/ratings/37687/,132
37683,3,Женский рейтинг,Женский рейтинг на 1 мая 2016 г.,https://www.bridgesport.ru/players-and-ratings/ratings/37683/,132
37679,3,Женский рейтинг,Женский рейтинг на 1 апреля 2016 г.,https://www.bridgesport.ru/players-and-ratings/ratings/37679/,132
37675,3,Женский рейтинг,Женский рейтинг на 1 марта 2016 г.,https://www.bridgesport.ru/players-and-ratings/ratings/37675/,129
37671,3,Женский рейтинг,Женский рейтинг на 1 февраля 2016 г.,https://www.bridgesport.ru/players-and-ratings/ratings/37671/,129
37667,3,Женский рейтинг,Женский рейтинг на 1 января 2016 г.,https://www.bridgesport.ru/players-and-ratings/ratings/37667/,129
37759,3,Женский рейтинг,Женский рейтинг на 1 декабря 2015 г.,https://www.bridgesport.ru/players-and-ratings/ratings/37759/,126
37755,3,Женский рейтинг,Женский рейтинг на 1 ноября 2015 г.,https://www.bridgesport.ru/players-and-ratings/ratings/37755/,126
37751,3,Женский рейтинг,Женский рейтинг на 1 октября 2015 г.,https://www.bridgesport.ru/players-and-ratings/ratings/37751/,126
37747,3,Женский рейтинг,Женский рейтинг на 1 сентября 2015 г.,https://www.bridgesport.ru/players-and-ratings/ratings/37747/,126
37743,3,Женский рейтинг,Женский рейтинг на 1 августа 2015 г.,https://www.bridgesport.ru/players-and-ratings/ratings/37743/,126
37739,3,Женский рейтинг,Женский рейтинг на 1 июля 2015 г.,https://www.bridgesport.ru/players-and-ratings/ratings/37739/,126
37735,3,Женский рейтинг,Женский рейтинг на 1 июня 2015 г.,https://www.bridgesport.ru/players-and-ratings/ratings/37735/,123
37731,3,Женский рейтинг,Женский рейтинг на 1 мая 2015 г.,https://www.bridgesport.ru/players-and-ratings/ratings/37731/,123
37727,3,Женский рейтинг,Женский рейтинг на 1 апреля 2015 г.,https://www.bridgesport.ru/players-and-ratings/ratings/37727/,123
37723,3,Женский рейтинг,Женский рейтинг на 1 марта 2015 г.,https://www.bridgesport.ru/players-and-ratings/ratings/37723/,125
37719,3,Женский рейтинг,Женский рейтинг на 1 февраля 2015 г.,https://www.bridgesport.ru/players-and-ratings/ratings/37719/,125
37715,3,Женский рейтинг,Женский рейтинг на 1 января 2015 г.,https://www.bridgesport.ru/players-and-ratings/ratings/37715/,125
85188,4,Юниорский рейтинг,Юниорский рейтинг на 1 марта 2026 г.,https://www.bridgesport.ru/players-and-ratings/ratings/85188/,103
83903,4,Юниорский рейтинг,Юниорский рейтинг на 1 февраля 2026 г.,https://www.bridgesport.ru/players-and-ratings/ratings/83903/,105
82786,4,Юниорский рейтинг,Юниорский рейтинг на 1 января 2026 г.,https://www.bridgesport.ru/players-and-ratings/ratings/82786/,105
81624,4,Юниорский рейтинг,Юниорский рейтинг на 1 декабря 2025 г.,https://www.bridgesport.ru/players-and-ratings/ratings/81624/,113
80349,4,Юниорский рейтинг,Юниорский рейтинг на 1 ноября 2025 г.,https://www.bridgesport.ru/players-and-ratings/ratings/80349/,113
79171,4,Юниорский рейтинг,Юниорский рейтинг на 1 октября 2025 г.,https://www.bridgesport.ru/players-and-ratings/ratings/79171/,113
78150,4,Юниорский рейтинг,Юниорский рейтинг на 1 сентября 2025 г.,https://www.bridgesport.ru/players-and-ratings/ratings/78150/,114
77097,4,Юниорский рейтинг,Юниорский рейтинг на 1 августа 2025 г.,https://www.bridgesport.ru/players-and-ratings/ratings/77097/,113
76104,4,Юниорский рейтинг,Юниорский рейтинг на 1 июля 2025 г.,https://www.bridgesport.ru/players-and-ratings/ratings/76104/,113
75041,4,Юниорский рейтинг,Юниорский рейтинг на 1 июня 2025 г.,https://www.bridgesport.ru/players-and-ratings/ratings/75041/,112
74035,4,Юниорский рейтинг,Юниорский рейтинг на 1 мая 2025 г.,https://www.bridgesport.ru/players-and-ratings/ratings/74035/,112
73041,4,Юниорский рейтинг,Юниорский рейтинг на 1 апреля 2025 г.,https://www.bridgesport.ru/players-and-ratings/ratings/73041/,112
71888,4,Юниорский рейтинг,Юниорский рейтинг на 1 марта 2025 г.,https://www.bridgesport.ru/players-and-ratings/ratings/71888/,112
70796,4,Юниорский рейтинг,Юниорский рейтинг на 1 февраля 2025 г.,https://www.bridgesport.ru/players-and-ratings/ratings/70796/,110
69860,4,Юниорский рейтинг,Юниорский рейтинг на 1 января 2025 г.,https://www.bridgesport.ru/players-and-ratings/ratings/69860/,110
68684,4,Юниорский рейтинг,Юниорский рейтинг на 1 декабря 2024 г.,https://www.bridgesport.ru/players-and-ratings/ratings/68684/,116
67695,4,Юниорский рейтинг,Юниорский рейтинг на 1 ноября 2024 г.,https://www.bridgesport.ru/players-and-ratings/ratings/67695/,115
66635,4,Юниорский рейтинг,Юниорский рейтинг на 1 октября 2024 г.,https://www.bridgesport.ru/players-and-ratings/ratings/66635/,115
65658,4,Юниорский рейтинг,Юниорский рейтинг на 1 сентября 2024 г.,https://www.bridgesport.ru/players-and-ratings/ratings/65658/,111
64713,4,Юниорский рейтинг,Юниорский рейтинг на 1 августа 2024 г.,https://www.bridgesport.ru/players-and-ratings/ratings/64713/,111
63694,4,Юниорский рейтинг,Юниорский рейтинг на 1 июля 2024 г.,https://www.bridgesport.ru/players-and-ratings/ratings/63694/,111
62733,4,Юниорский рейтинг,Юниорский рейтинг на 1 июня 2024 г.,https://www.bridgesport.ru/players-and-ratings/ratings/62733/,111
61630,4,Юниорский рейтинг,Юниорский рейтинг на 1 мая 2024 г.,https://www.bridgesport.ru/players-and-ratings/ratings/61630/,111
60811,4,Юниорский рейтинг,Юниорский рейтинг на 1 апреля 2024 г.,https://www.bridgesport.ru/players-and-ratings/ratings/60811/,103
59827,4,Юниорский рейтинг,Юниорский рейтинг на 1 марта 2024 г.,https://www.bridgesport.ru/players-and-ratings/ratings/59827/,102
58732,4,Юниорский рейтинг,Юниорский рейтинг на 1 февраля 2024 г.,https://www.bridgesport.ru/players-and-ratings/ratings/58732/,89
57803,4,Юниорский рейтинг,Юниорский рейтинг на 1 января 2024 г.,https://www.bridgesport.ru/players-and-ratings/ratings/57803/,87
56852,4,Юниорский рейтинг,Юниорский рейтинг на 1 декабря 2023 г.,https://www.bridgesport.ru/players-and-ratings/ratings/56852/,90
55951,4,Юниорский рейтинг,Юниорский рейтинг на 1 ноября 2023 г.,https://www.bridgesport.ru/players-and-ratings/ratings/55951/,91
54739,4,Юниорский рейтинг,Юниорский рейтинг на 1 октября 2023 г.,https://www.bridgesport.ru/players-and-ratings/ratings/54739/,81
53820,4,Юниорский рейтинг,Юниорский рейтинг на 1 сентября 2023 г.,https://www.bridgesport.ru/players-and-ratings/ratings/53820/,80
52823,4,Юниорский рейтинг,Юниорский рейтинг на 1 августа 2023 г.,https://www.bridgesport.ru/players-and-ratings/ratings/52823/,80
52046,4,Юниорский рейтинг,Юниорский рейтинг на 1 июля 2023 г.,https://www.bridgesport.ru/players-and-ratings/ratings/52046/,78
51367,4,Юниорский рейтинг,Юниорский рейтинг на 1 июня 2023 г.,https://www.bridgesport.ru/players-and-ratings/ratings/51367/,78
50543,4,Юниорский рейтинг,Юниорский рейтинг на 1 мая 2023 г.,https://www.bridgesport.ru/players-and-ratings/ratings/50543/,75
49652,4,Юниорский рейтинг,Юниорский рейтинг на 1 апреля 2023 г.,https://www.bridgesport.ru/players-and-ratings/ratings/49652/,75
48977,4,Юниорский рейтинг,Юниорский рейтинг на 1 марта 2023 г.,https://www.bridgesport.ru/players-and-ratings/ratings/48977/,75
48285,4,Юниорский рейтинг,Юниорский рейтинг на 1 февраля 2023 г.,https://www.bridgesport.ru/players-and-ratings/ratings/48285/,57
47458,4,Юниорский рейтинг,Юниорский рейтинг на 1 января 2023 г.,https://www.bridgesport.ru/players-and-ratings/ratings/47458/,56
46918,4,Юниорский рейтинг,Юниорский рейтинг на 1 декабря 2022 г.,https://www.bridgesport.ru/players-and-ratings/ratings/46918/,65
46167,4,Юниорский рейтинг,Юниорский рейтинг на 1 ноября 2022 г.,https://www.bridgesport.ru/players-and-ratings/ratings/46167/,62
45319,4,Юниорский рейтинг,Юниорский рейтинг на 1 октября 2022 г.,https://www.bridgesport.ru/players-and-ratings/ratings/45319/,50
44800,4,Юниорский рейтинг,Юниорский рейтинг на 1 сентября 2022 г.,https://www.bridgesport.ru/players-and-ratings/ratings/44800/,49
44126,4,Юниорский рейтинг,Юниорский рейтинг на 1 августа 2022 г.,https://www.bridgesport.ru/players-and-ratings/ratings/44126/,49
43644,4,Юниорский рейтинг,Юниорский рейтинг на 1 июля 2022 г.,https://www.bridgesport.ru/players-and-ratings/ratings/43644/,49
43072,4,Юниорский рейтинг,Юниорский рейтинг на 1 июня 2022 г.,https://www.bridgesport.ru/players-and-ratings/ratings/43072/,48
42454,4,Юниорский рейтинг,Юниорский рейтинг на 1 мая 2022 г.,https://www.bridgesport.ru/players-and-ratings/ratings/42454/,48
41977,4,Юниорский рейтинг,Юниорский рейтинг на 1 апреля 2022 г.,https://www.bridgesport.ru/players-and-ratings/ratings/41977/,48
41489,4,Юниорский рейтинг,Юниорский рейтинг на 1 марта 2022 г.,https://www.bridgesport.ru/players-and-ratings/ratings/41489/,47
40930,4,Юниорский рейтинг,Юниорский рейтинг на 1 февраля 2022 г.,https://www.bridgesport.ru/players-and-ratings/ratings/40930/,38
40284,4,Юниорский рейтинг,Юниорский рейтинг на 1 января 2022 г.,https://www.bridgesport.ru/players-and-ratings/ratings/40284/,38
40115,4,Юниорский рейтинг,Юниорский рейтинг на 1 декабря 2021 г.,https://www.bridgesport.ru/players-and-ratings/ratings/40115/,42
39839,4,Юниорский рейтинг,Юниорский рейтинг на 1 ноября 2021 г.,https://www.bridgesport.ru/players-and-ratings/ratings/39839/,42
39791,4,Юниорский рейтинг,Юниорский рейтинг на 1 октября 2021 г.,https://www.bridgesport.ru/players-and-ratings/ratings/39791/,42
39737,4,Юниорский рейтинг,Юниорский рейтинг на 1 сентября 2021 г.,https://www.bridgesport.ru/players-and-ratings/ratings/39737/,39
39669,4,Юниорский рейтинг,Юниорский рейтинг на 1 августа 2021 г.,https://www.bridgesport.ru/players-and-ratings/ratings/39669/,37
39599,4,Юниорский рейтинг,Юниорский рейтинг на 1 июля 2021 г.,https://www.bridgesport.ru/players-and-ratings/ratings/39599/,36
39506,4,Юниорский рейтинг,Юниорский рейтинг на 1 июня 2021 г.,https://www.bridgesport.ru/players-and-ratings/ratings/39506/,36
39403,4,Юниорский рейтинг,Юниорский рейтинг на 1 мая 2021 г.,https://www.bridgesport.ru/players-and-ratings/ratings/39403/,36
39332,4,Юниорский рейтинг,Юниорский рейтинг на 1 апреля 2021 г.,https://www.bridgesport.ru/players-and-ratings/ratings/39332/,36
39282,4,Юниорский рейтинг,Юниорский рейтинг на 1 марта 2021 г.,https://www.bridgesport.ru/players-and-ratings/ratings/39282/,35
39230,4,Юниорский рейтинг,Юниорский рейтинг на 1 февраля 2021 г.,https://www.bridgesport.ru/players-and-ratings/ratings/39230/,31
39020,4,Юниорский рейтинг,Юниорский рейтинг на 1 января 2021 г.,https://www.bridgesport.ru/players-and-ratings/ratings/39020/,31
38981,4,Юниорский рейтинг,Юниорский рейтинг на 1 декабря 2020 г.,https://www.bridgesport.ru/players-and-ratings/ratings/38981/,36
38951,4,Юниорский рейтинг,Юниорский рейтинг на 1 ноября 2020 г.,https://www.bridgesport.ru/players-and-ratings/ratings/38951/,35
38903,4,Юниорский рейтинг,Юниорский рейтинг на 1 октября 2020 г.,https://www.bridgesport.ru/players-and-ratings/ratings/38903/,35
38862,4,Юниорский рейтинг,Юниорский рейтинг на 1 сентября 2020 г.,https://www.bridgesport.ru/players-and-ratings/ratings/38862/,32
38805,4,Юниорский рейтинг,Юниорский рейтинг на 1 августа 2020 г.,https://www.bridgesport.ru/players-and-ratings/ratings/38805/,31
38763,4,Юниорский рейтинг,Юниорский рейтинг на 1 июля 2020 г.,https://www.bridgesport.ru/players-and-ratings/ratings/38763/,31
38736,4,Юниорский рейтинг,Юниорский рейтинг на 1 июня 2020 г.,https://www.bridgesport.ru/players-and-ratings/ratings/38736/,31
38432,4,Юниорский рейтинг,Юниорский рейтинг на 1 мая 2020 г.,https://www.bridgesport.ru/players-and-ratings/ratings/38432/,29
38146,4,Юниорский рейтинг,Юниорский рейтинг на 1 апреля 2020 г.,https://www.bridgesport.ru/players-and-ratings/ratings/38146/,29
37870,4,Юниорский рейтинг,Юниорский рейтинг на 1 марта 2020 г.,https://www.bridgesport.ru/players-and-ratings/ratings/37870/,29
37788,4,Юниорский рейтинг,Юниорский рейтинг на 1 февраля 2020 г.,https://www.bridgesport.ru/players-and-ratings/ratings/37788/,29
37521,4,Юниорский рейтинг,Юниорский рейтинг на 1 января 2020 г.,https://www.bridgesport.ru/players-and-ratings/ratings/37521/,29
37569,4,Юниорский рейтинг,Юниорский рейтинг на 1 декабря 2019 г.,https://www.bridgesport.ru/players-and-ratings/ratings/37569/,29
37565,4,Юниорский рейтинг,Юниорский рейтинг на 1 ноября 2019 г.,https://www.bridgesport.ru/players-and-ratings/ratings/37565/,28
37561,4,Юниорский рейтинг,Юниорский рейтинг на 1 октября 2019 г.,https://www.bridgesport.ru/players-and-ratings/ratings/37561/,27
37557,4,Юниорский рейтинг,Юниорский рейтинг на 1 сентября 2019 г.,https://www.bridgesport.ru/players-and-ratings/ratings/37557/,15
37553,4,Юниорский рейтинг,Юниорский рейтинг на 1 августа 2019 г.,https://www.bridgesport.ru/players-and-ratings/ratings/37553/,14
37549,4,Юниорский рейтинг,Юниорский рейтинг на 1 июля 2019 г.,https://www.bridgesport.ru/players-and-ratings/ratings/37549/,14
37545,4,Юниорский рейтинг,Юниорский рейтинг на 1 июня 2019 г.,https://www.bridgesport.ru/players-and-ratings/ratings/37545/,14
37541,4,Юниорский рейтинг,Юниорский рейтинг на 1 мая 2019 г.,https://www.bridgesport.ru/players-and-ratings/ratings/37541/,14
37537,4,Юниорский рейтинг,Юниорский рейтинг на 1 апреля 2019 г.,https://www.bridgesport.ru/players-and-ratings/ratings/37537/,14
37533,4,Юниорский рейтинг,Юниорский рейтинг на 1 марта 2019 г.,https://www.bridgesport.ru/players-and-ratings/ratings/37533/,11
37529,4,Юниорский рейтинг,Юниорский рейтинг на 1 февраля 2019 г.,https://www.bridgesport.ru/players-and-ratings/ratings/37529/,11
37525,4,Юниорский рейтинг,Юниорский рейтинг на 1 января 2019 г.,https://www.bridgesport.ru/players-and-ratings/ratings/37525/,11
37617,4,Юниорский рейтинг,Юниорский рейтинг на 1 декабря 2018 г.,https://www.bridgesport.ru/players-and-ratings/ratings/37617/,11
37613,4,Юниорский рейтинг,Юниорский рейтинг на 1 ноября 2018 г.,https://www.bridgesport.ru/players-and-ratings/ratings/37613/,11
37609,4,Юниорский рейтинг,Юниорский рейтинг на 1 октября 2018 г.,https://www.bridgesport.ru/players-and-ratings/ratings/37609/,11
37605,4,Юниорский рейтинг,Юниорский рейтинг на 1 сентября 2018 г.,https://www.bridgesport.ru/players-and-ratings/ratings/37605/,12
37601,4,Юниорский рейтинг,Юниорский рейтинг на 1 августа 2018 г.,https://www.bridgesport.ru/players-and-ratings/ratings/37601/,12
37597,4,Юниорский рейтинг,Юниорский рейтинг на 1 июля 2018 г.,https://www.bridgesport.ru/players-and-ratings/ratings/37597/,12
37593,4,Юниорский рейтинг,Юниорский рейтинг на 1 июня 2018 г.,https://www.bridgesport.ru/players-and-ratings/ratings/37593/,12
37589,4,Юниорский рейтинг,Юниорский рейтинг на 1 мая 2018 г.,https://www.bridgesport.ru/players-and-ratings/ratings/37589/,12
37585,4,Юниорский рейтинг,Юниорский рейтинг на 1 апреля 2018 г.,https://www.bridgesport.ru/players-and-ratings/ratings/37585/,12
37581,4,Юниорский рейтинг,Юниорский рейтинг на 1 марта 2018 г.,https://www.bridgesport.ru/players-and-ratings/ratings/37581/,12
37577,4,Юниорский рейтинг,Юниорский рейтинг на 1 февраля 2018 г.,https://www.bridgesport.ru/players-and-ratings/ratings/37577/,12
37573,4,Юниорский рейтинг,Юниорский рейтинг на 1 января 2018 г.,https://www.bridgesport.ru/players-and-ratings/ratings/37573/,12
37665,4,Юниорский рейтинг,Юниорский рейтинг на 1 декабря 2017 г.,https://www.bridgesport.ru/players-and-ratings/ratings/37665/,11
37661,4,Юниорский рейтинг,Юниорский рейтинг на 1 ноября 2017 г.,https://www.bridgesport.ru/players-and-ratings/ratings/37661/,11
37657,4,Юниорский рейтинг,Юниорский рейтинг на 1 октября 2017 г.,https://www.bridgesport.ru/players-and-ratings/ratings/37657/,11
37653,4,Юниорский рейтинг,Юниорский рейтинг на 1 сентября 2017 г.,https://www.bridgesport.ru/players-and-ratings/ratings/37653/,9
37649,4,Юниорский рейтинг,Юниорский рейтинг на 1 августа 2017 г.,https://www.bridgesport.ru/players-and-ratings/ratings/37649/,9
37645,4,Юниорский рейтинг,Юниорский рейтинг на 1 июля 2017 г.,https://www.bridgesport.ru/players-and-ratings/ratings/37645/,9
37641,4,Юниорский рейтинг,Юниорский рейтинг на 1 июня 2017 г.,https://www.bridgesport.ru/players-and-ratings/ratings/37641/,9
37637,4,Юниорский рейтинг,Юниорский рейтинг на 1 мая 2017 г.,https://www.bridgesport.ru/players-and-ratings/ratings/37637/,9
37633,4,Юниорский рейтинг,Юниорский рейтинг на 1 апреля 2017 г.,https://www.bridgesport.ru/players-and-ratings/ratings/37633/,9
37629,4,Юниорский рейтинг,Юниорский рейтинг на 1 марта 2017 г.,https://www.bridgesport.ru/players-and-ratings/ratings/37629/,9
37625,4,Юниорский рейтинг,Юниорский рейтинг на 1 февраля 2017 г.,https://www.bridgesport.ru/players-and-ratings/ratings/37625/,9
37621,4,Юниорский рейтинг,Юниорский рейтинг на 1 января 2017 г.,https://www.bridgesport.ru/players-and-ratings/ratings/37621/,9
37713,4,Юниорский рейтинг,Юниорский рейтинг на 1 декабря 2016 г.,https://www.bridgesport.ru/players-and-ratings/ratings/37713/,9
37709,4,Юниорский рейтинг,Юниорский рейтинг на 1 ноября 2016 г.,https://www.bridgesport.ru/players-and-ratings/ratings/37709/,9
37705,4,Юниорский рейтинг,Юниорский рейтинг на 1 октября 2016 г.,https://www.bridgesport.ru/players-and-ratings/ratings/37705/,9
37701,4,Юниорский рейтинг,Юниорский рейтинг на 1 сентября 2016 г.,https://www.bridgesport.ru/players-and-ratings/ratings/37701/,9
37697,4,Юниорский рейтинг,Юниорский рейтинг на 1 августа 2016 г.,https://www.bridgesport.ru/players-and-ratings/ratings/37697/,9
37693,4,Юниорский рейтинг,Юниорский рейтинг на 1 июля 2016 г.,https://www.bridgesport.ru/players-and-ratings/ratings/37693/,9
37689,4,Юниорский рейтинг,Юниорский рейтинг на 1 июня 2016 г.,https://www.bridgesport.ru/players-and-ratings/ratings/37689/,9
37685,4,Юниорский рейтинг,Юниорский рейтинг на 1 мая 2016 г.,https://www.bridgesport.ru/players-and-ratings/ratings/37685/,9
37681,4,Юниорский рейтинг,Юниорский рейтинг на 1 апреля 2016 г.,https://www.bridgesport.ru/players-and-ratings/ratings/37681/,9
37677,4,Юниорский рейтинг,Юниорский рейтинг на 1 марта 2016 г.,https://www.bridgesport.ru/players-and-ratings/ratings/37677/,9
37673,4,Юниорский рейтинг,Юниорский рейтинг на 1 февраля 2016 г.,https://www.bridgesport.ru/players-and-ratings/ratings/37673/,9
37669,4,Юниорский рейтинг,Юниорский рейтинг на 1 января 2016 г.,https://www.bridgesport.ru/players-and-ratings/ratings/37669/,9
37761,4,Юниорский рейтинг,Юниорский рейтинг на 1 декабря 2015 г.,https://www.bridgesport.ru/players-and-ratings/ratings/37761/,9
37757,4,Юниорский рейтинг,Юниорский рейтинг на 1 ноября 2015 г.,https://www.bridgesport.ru/players-and-ratings/ratings/37757/,9
37753,4,Юниорский рейтинг,Юниорский рейтинг на 1 октября 2015 г.,https://www.bridgesport.ru/players-and-ratings/ratings/37753/,9
37749,4,Юниорский рейтинг,Юниорский рейтинг на 1 сентября 2015 г.,https://www.bridgesport.ru/players-and-ratings/ratings/37749/,9
37745,4,Юниорский рейтинг,Юниорский рейтинг на 1 августа 2015 г.,https://www.bridgesport.ru/players-and-ratings/ratings/37745/,9
37741,4,Юниорский рейтинг,Юниорский рейтинг на 1 июля 2015 г.,https://www.bridgesport.ru/players-and-ratings/ratings/37741/,9
37737,4,Юниорский рейтинг,Юниорский рейтинг на 1 июня 2015 г.,https://www.bridgesport.ru/players-and-ratings/ratings/37737/,9
37733,4,Юниорский рейтинг,Юниорский рейтинг на 1 мая 2015 г.,https://www.bridgesport.ru/players-and-ratings/ratings/37733/,9
37729,4,Юниорский рейтинг,Юниорский рейтинг на 1 апреля 2015 г.,https://www.bridgesport.ru/players-and-ratings/ratings/37729/,9
37725,4,Юниорский рейтинг,Юниорский рейтинг на 1 марта 2015 г.,https://www.bridgesport.ru/players-and-ratings/ratings/37725/,9
37721,4,Юниорский рейтинг,Юниорский рейтинг на 1 февраля 2015 г.,https://www.bridgesport.ru/players-and-ratings/ratings/37721/,9
37717,4,Юниорский рейтинг,Юниорский рейтинг на 1 января 2015 г.,https://www.bridgesport.ru/players-and-ratings/ratings/37717/,9
85187,5,Ветеранский рейтинг,Ветеранский рейтинг на 1 марта 2026 г.,https://www.bridgesport.ru/players-and-ratings/ratings/85187/,110
83902,5,Ветеранский рейтинг,Ветеранский рейтинг на 1 февраля 2026 г.,https://www.bridgesport.ru/players-and-ratings/ratings/83902/,112
82785,5,Ветеранский рейтинг,Ветеранский рейтинг на 1 января 2026 г.,https://www.bridgesport.ru/players-and-ratings/ratings/82785/,112
81623,5,Ветеранский рейтинг,Ветеранский рейтинг на 1 декабря 2025 г.,https://www.bridgesport.ru/players-and-ratings/ratings/81623/,99
80348,5,Ветеранский рейтинг,Ветеранский рейтинг на 1 ноября 2025 г.,https://www.bridgesport.ru/players-and-ratings/ratings/80348/,99
79170,5,Ветеранский рейтинг,Ветеранский рейтинг на 1 октября 2025 г.,https://www.bridgesport.ru/players-and-ratings/ratings/79170/,101
78149,5,Ветеранский рейтинг,Ветеранский рейтинг на 1 сентября 2025 г.,https://www.bridgesport.ru/players-and-ratings/ratings/78149/,102
77096,5,Ветеранский рейтинг,Ветеранский рейтинг на 1 августа 2025 г.,https://www.bridgesport.ru/players-and-ratings/ratings/77096/,125
76103,5,Ветеранский рейтинг,Ветеранский рейтинг на 1 июля 2025 г.,https://www.bridgesport.ru/players-and-ratings/ratings/76103/,125
75040,5,Ветеранский рейтинг,Ветеранский рейтинг на 1 июня 2025 г.,https://www.bridgesport.ru/players-and-ratings/ratings/75040/,126
74034,5,Ветеранский рейтинг,Ветеранский рейтинг на 1 мая 2025 г.,https://www.bridgesport.ru/players-and-ratings/ratings/74034/,126
73040,5,Ветеранский рейтинг,Ветеранский рейтинг на 1 апреля 2025 г.,https://www.bridgesport.ru/players-and-ratings/ratings/73040/,125
71887,5,Ветеранский рейтинг,Ветеранский рейтинг на 1 марта 2025 г.,https://www.bridgesport.ru/players-and-ratings/ratings/71887/,123
70795,5,Ветеранский рейтинг,Ветеранский рейтинг на 1 февраля 2025 г.,https://www.bridgesport.ru/players-and-ratings/ratings/70795/,122
69859,5,Ветеранский рейтинг,Ветеранский рейтинг на 1 января 2025 г.,https://www.bridgesport.ru/players-and-ratings/ratings/69859/,122
68683,5,Ветеранский рейтинг,Ветеранский рейтинг на 1 декабря 2024 г.,https://www.bridgesport.ru/players-and-ratings/ratings/68683/,109
67694,5,Ветеранский рейтинг,Ветеранский рейтинг на 1 ноября 2024 г.,https://www.bridgesport.ru/players-and-ratings/ratings/67694/,108
66634,5,Ветеранский рейтинг,Ветеранский рейтинг на 1 октября 2024 г.,https://www.bridgesport.ru/players-and-ratings/ratings/66634/,108
65657,5,Ветеранский рейтинг,Ветеранский рейтинг на 1 сентября 2024 г.,https://www.bridgesport.ru/players-and-ratings/ratings/65657/,109
64712,5,Ветеранский рейтинг,Ветеранский рейтинг на 1 августа 2024 г.,https://www.bridgesport.ru/players-and-ratings/ratings/64712/,110
63693,5,Ветеранский рейтинг,Ветеранский рейтинг на 1 июля 2024 г.,https://www.bridgesport.ru/players-and-ratings/ratings/63693/,108
62732,5,Ветеранский рейтинг,Ветеранский рейтинг на 1 июня 2024 г.,https://www.bridgesport.ru/players-and-ratings/ratings/62732/,107
61629,5,Ветеранский рейтинг,Ветеранский рейтинг на 1 мая 2024 г.,https://www.bridgesport.ru/players-and-ratings/ratings/61629/,106
60810,5,Ветеранский рейтинг,Ветеранский рейтинг на 1 апреля 2024 г.,https://www.bridgesport.ru/players-and-ratings/ratings/60810/,105
59826,5,Ветеранский рейтинг,Ветеранский рейтинг на 1 марта 2024 г.,https://www.bridgesport.ru/players-and-ratings/ratings/59826/,104
58731,5,Ветеранский рейтинг,Ветеранский рейтинг на 1 февраля 2024 г.,https://www.bridgesport.ru/players-and-ratings/ratings/58731/,105
57802,5,Ветеранский рейтинг,Ветеранский рейтинг на 1 января 2024 г.,https://www.bridgesport.ru/players-and-ratings/ratings/57802/,105
56851,5,Ветеранский рейтинг,Ветеранский рейтинг на 1 декабря 2023 г.,https://www.bridgesport.ru/players-and-ratings/ratings/56851/,93
55950,5,Ветеранский рейтинг,Ветеранский рейтинг на 1 ноября 2023 г.,https://www.bridgesport.ru/players-and-ratings/ratings/55950/,94
54738,5,Ветеранский рейтинг,Ветеранский рейтинг на 1 октября 2023 г.,https://www.bridgesport.ru/players-and-ratings/ratings/54738/,89
53819,5,Ветеранский рейтинг,Ветеранский рейтинг на 1 сентября 2023 г.,https://www.bridgesport.ru/players-and-ratings/ratings/53819/,91
52822,5,Ветеранский рейтинг,Ветеранский рейтинг на 1 августа 2023 г.,https://www.bridgesport.ru/players-and-ratings/ratings/52822/,91
52045,5,Ветеранский рейтинг,Ветеранский рейтинг на 1 июля 2023 г.,https://www.bridgesport.ru/players-and-ratings/ratings/52045/,91
51366,5,Ветеранский рейтинг,Ветеранский рейтинг на 1 июня 2023 г.,https://www.bridgesport.ru/players-and-ratings/ratings/51366/,91
50542,5,Ветеранский рейтинг,Ветеранский рейтинг на 1 мая 2023 г.,https://www.bridgesport.ru/players-and-ratings/ratings/50542/,91
49651,5,Ветеранский рейтинг,Ветеранский рейтинг на 1 апреля 2023 г.,https://www.bridgesport.ru/players-and-ratings/ratings/49651/,90
48976,5,Ветеранский рейтинг,Ветеранский рейтинг на 1 марта 2023 г.,https://www.bridgesport.ru/players-and-ratings/ratings/48976/,91
48284,5,Ветеранский рейтинг,Ветеранский рейтинг на 1 февраля 2023 г.,https://www.bridgesport.ru/players-and-ratings/ratings/48284/,91
47457,5,Ветеранский рейтинг,Ветеранский рейтинг на 1 января 2023 г.,https://www.bridgesport.ru/players-and-ratings/ratings/47457/,91
46917,5,Ветеранский рейтинг,Ветеранский рейтинг на 1 декабря 2022 г.,https://www.bridgesport.ru/players-and-ratings/ratings/46917/,84
46166,5,Ветеранский рейтинг,Ветеранский рейтинг на 1 ноября 2022 г.,https://www.bridgesport.ru/players-and-ratings/ratings/46166/,82
45318,5,Ветеранский рейтинг,Ветеранский рейтинг на 1 октября 2022 г.,https://www.bridgesport.ru/players-and-ratings/ratings/45318/,82
44799,5,Ветеранский рейтинг,Ветеранский рейтинг на 1 сентября 2022 г.,https://www.bridgesport.ru/players-and-ratings/ratings/44799/,80
44125,5,Ветеранский рейтинг,Ветеранский рейтинг на 1 августа 2022 г.,https://www.bridgesport.ru/players-and-ratings/ratings/44125/,82
43643,5,Ветеранский рейтинг,Ветеранский рейтинг на 1 июля 2022 г.,https://www.bridgesport.ru/players-and-ratings/ratings/43643/,82
43071,5,Ветеранский рейтинг,Ветеранский рейтинг на 1 июня 2022 г.,https://www.bridgesport.ru/players-and-ratings/ratings/43071/,81
42453,5,Ветеранский рейтинг,Ветеранский рейтинг на 1 мая 2022 г.,https://www.bridgesport.ru/players-and-ratings/ratings/42453/,82
41976,5,Ветеранский рейтинг,Ветеранский рейтинг на 1 апреля 2022 г.,https://www.bridgesport.ru/players-and-ratings/ratings/41976/,88
41488,5,Ветеранский рейтинг,Ветеранский рейтинг на 1 марта 2022 г.,https://www.bridgesport.ru/players-and-ratings/ratings/41488/,90
40929,5,Ветеранский рейтинг,Ветеранский рейтинг на 1 февраля 2022 г.,https://www.bridgesport.ru/players-and-ratings/ratings/40929/,90
40283,5,Ветеранский рейтинг,Ветеранский рейтинг на 1 января 2022 г.,https://www.bridgesport.ru/players-and-ratings/ratings/40283/,89
40114,5,Ветеранский рейтинг,Ветеранский рейтинг на 1 декабря 2021 г.,https://www.bridgesport.ru/players-and-ratings/ratings/40114/,80
39838,5,Ветеранский рейтинг,Ветеранский рейтинг на 1 ноября 2021 г.,https://www.bridgesport.ru/players-and-ratings/ratings/39838/,82
39790,5,Ветеранский рейтинг,Ветеранский рейтинг на 1 октября 2021 г.,https://www.bridgesport.ru/players-and-ratings/ratings/39790/,82
39736,5,Ветеранский рейтинг,Ветеранский рейтинг на 1 сентября 2021 г.,https://www.bridgesport.ru/players-and-ratings/ratings/39736/,81
39668,5,Ветеранский рейтинг,Ветеранский рейтинг на 1 августа 2021 г.,https://www.bridgesport.ru/players-and-ratings/ratings/39668/,80
39598,5,Ветеранский рейтинг,Ветеранский рейтинг на 1 июля 2021 г.,https://www.bridgesport.ru/players-and-ratings/ratings/39598/,81
39505,5,Ветеранский рейтинг,Ветеранский рейтинг на 1 июня 2021 г.,https://www.bridgesport.ru/players-and-ratings/ratings/39505/,81
39402,5,Ветеранский рейтинг,Ветеранский рейтинг на 1 мая 2021 г.,https://www.bridgesport.ru/players-and-ratings/ratings/39402/,84
39331,5,Ветеранский рейтинг,Ветеранский рейтинг на 1 апреля 2021 г.,https://www.bridgesport.ru/players-and-ratings/ratings/39331/,84
39281,5,Ветеранский рейтинг,Ветеранский рейтинг на 1 марта 2021 г.,https://www.bridgesport.ru/players-and-ratings/ratings/39281/,84
39229,5,Ветеранский рейтинг,Ветеранский рейтинг на 1 февраля 2021 г.,https://www.bridgesport.ru/players-and-ratings/ratings/39229/,85
39019,5,Ветеранский рейтинг,Ветеранский рейтинг на 1 января 2021 г.,https://www.bridgesport.ru/players-and-ratings/ratings/39019/,85
38980,5,Ветеранский рейтинг,Ветеранский рейтинг на 1 декабря 2020 г.,https://www.bridgesport.ru/players-and-ratings/ratings/38980/,75
38950,5,Ветеранский рейтинг,Ветеранский рейтинг на 1 ноября 2020 г.,https://www.bridgesport.ru/players-and-ratings/ratings/38950/,75
38902,5,Ветеранский рейтинг,Ветеранский рейтинг на 1 октября 2020 г.,https://www.bridgesport.ru/players-and-ratings/ratings/38902/,76
38861,5,Ветеранский рейтинг,Ветеранский рейтинг на 1 сентября 2020 г.,https://www.bridgesport.ru/players-and-ratings/ratings/38861/,76
38804,5,Ветеранский рейтинг,Ветеранский рейтинг на 1 августа 2020 г.,https://www.bridgesport.ru/players-and-ratings/ratings/38804/,76
38762,5,Ветеранский рейтинг,Ветеранский рейтинг на 1 июля 2020 г.,https://www.bridgesport.ru/players-and-ratings/ratings/38762/,76
38735,5,Ветеранский рейтинг,Ветеранский рейтинг на 1 июня 2020 г.,https://www.bridgesport.ru/players-and-ratings/ratings/38735/,77
38431,5,Ветеранский рейтинг,Ветеранский рейтинг на 1 мая 2020 г.,https://www.bridgesport.ru/players-and-ratings/ratings/38431/,77
38145,5,Ветеранский рейтинг,Ветеранский рейтинг на 1 апреля 2020 г.,https://www.bridgesport.ru/players-and-ratings/ratings/38145/,77
37869,5,Ветеранский рейтинг,Ветеранский рейтинг на 1 марта 2020 г.,https://www.bridgesport.ru/players-and-ratings/ratings/37869/,78
37787,5,Ветеранский рейтинг,Ветеранский рейтинг на 1 февраля 2020 г.,https://www.bridgesport.ru/players-and-ratings/ratings/37787/,77
37520,5,Ветеранский рейтинг,Ветеранский рейтинг на 1 января 2020 г.,https://www.bridgesport.ru/players-and-ratings/ratings/37520/,77
37568,5,Ветеранский рейтинг,Ветеранский рейтинг на 1 декабря 2019 г.,https://www.bridgesport.ru/players-and-ratings/ratings/37568/,77
37564,5,Ветеранский рейтинг,Ветеранский рейтинг на 1 ноября 2019 г.,https://www.bridgesport.ru/players-and-ratings/ratings/37564/,77
37560,5,Ветеранский рейтинг,Ветеранский рейтинг на 1 октября 2019 г.,https://www.bridgesport.ru/players-and-ratings/ratings/37560/,78
37556,5,Ветеранский рейтинг,Ветеранский рейтинг на 1 сентября 2019 г.,https://www.bridgesport.ru/players-and-ratings/ratings/37556/,78
37552,5,Ветеранский рейтинг,Ветеранский рейтинг на 1 августа 2019 г.,https://www.bridgesport.ru/players-and-ratings/ratings/37552/,78
37548,5,Ветеранский рейтинг,Ветеранский рейтинг на 1 июля 2019 г.,https://www.bridgesport.ru/players-and-ratings/ratings/37548/,79
37544,5,Ветеранский рейтинг,Ветеранский рейтинг на 1 июня 2019 г.,https://www.bridgesport.ru/players-and-ratings/ratings/37544/,79
37540,5,Ветеранский рейтинг,Ветеранский рейтинг на 1 мая 2019 г.,https://www.bridgesport.ru/players-and-ratings/ratings/37540/,80
37536,5,Ветеранский рейтинг,Ветеранский рейтинг на 1 апреля 2019 г.,https://www.bridgesport.ru/players-and-ratings/ratings/37536/,80
37532,5,Ветеранский рейтинг,Ветеранский рейтинг на 1 марта 2019 г.,https://www.bridgesport.ru/players-and-ratings/ratings/37532/,80
37528,5,Ветеранский рейтинг,Ветеранский рейтинг на 1 февраля 2019 г.,https://www.bridgesport.ru/players-and-ratings/ratings/37528/,80
37524,5,Ветеранский рейтинг,Ветеранский рейтинг на 1 января 2019 г.,https://www.bridgesport.ru/players-and-ratings/ratings/37524/,80
37616,5,Ветеранский рейтинг,Ветеранский рейтинг на 1 декабря 2018 г.,https://www.bridgesport.ru/players-and-ratings/ratings/37616/,78
37612,5,Ветеранский рейтинг,Ветеранский рейтинг на 1 ноября 2018 г.,https://www.bridgesport.ru/players-and-ratings/ratings/37612/,79
37608,5,Ветеранский рейтинг,Ветеранский рейтинг на 1 октября 2018 г.,https://www.bridgesport.ru/players-and-ratings/ratings/37608/,80
37604,5,Ветеранский рейтинг,Ветеранский рейтинг на 1 сентября 2018 г.,https://www.bridgesport.ru/players-and-ratings/ratings/37604/,80
37600,5,Ветеранский рейтинг,Ветеранский рейтинг на 1 августа 2018 г.,https://www.bridgesport.ru/players-and-ratings/ratings/37600/,82
37596,5,Ветеранский рейтинг,Ветеранский рейтинг на 1 июля 2018 г.,https://www.bridgesport.ru/players-and-ratings/ratings/37596/,83
37592,5,Ветеранский рейтинг,Ветеранский рейтинг на 1 июня 2018 г.,https://www.bridgesport.ru/players-and-ratings/ratings/37592/,83
37588,5,Ветеранский рейтинг,Ветеранский рейтинг на 1 мая 2018 г.,https://www.bridgesport.ru/players-and-ratings/ratings/37588/,82
37584,5,Ветеранский рейтинг,Ветеранский рейтинг на 1 апреля 2018 г.,https://www.bridgesport.ru/players-and-ratings/ratings/37584/,81
37580,5,Ветеранский рейтинг,Ветеранский рейтинг на 1 марта 2018 г.,https://www.bridgesport.ru/players-and-ratings/ratings/37580/,81
37576,5,Ветеранский рейтинг,Ветеранский рейтинг на 1 февраля 2018 г.,https://www.bridgesport.ru/players-and-ratings/ratings/37576/,82
37572,5,Ветеранский рейтинг,Ветеранский рейтинг на 1 января 2018 г.,https://www.bridgesport.ru/players-and-ratings/ratings/37572/,83
37664,5,Ветеранский рейтинг,Ветеранский рейтинг на 1 декабря 2017 г.,https://www.bridgesport.ru/players-and-ratings/ratings/37664/,80
37660,5,Ветеранский рейтинг,Ветеранский рейтинг на 1 ноября 2017 г.,https://www.bridgesport.ru/players-and-ratings/ratings/37660/,80
37656,5,Ветеранский рейтинг,Ветеранский рейтинг на 1 октября 2017 г.,https://www.bridgesport.ru/players-and-ratings/ratings/37656/,80
37652,5,Ветеранский рейтинг,Ветеранский рейтинг на 1 сентября 2017 г.,https://www.bridgesport.ru/players-and-ratings/ratings/37652/,81
37648,5,Ветеранский рейтинг,Ветеранский рейтинг на 1 августа 2017 г.,https://www.bridgesport.ru/players-and-ratings/ratings/37648/,81
37644,5,Ветеранский рейтинг,Ветеранский рейтинг на 1 июля 2017 г.,https://www.bridgesport.ru/players-and-ratings/ratings/37644/,81
37640,5,Ветеранский рейтинг,Ветеранский рейтинг на 1 июня 2017 г.,https://www.bridgesport.ru/players-and-ratings/ratings/37640/,80
37636,5,Ветеранский рейтинг,Ветеранский рейтинг на 1 мая 2017 г.,https://www.bridgesport.ru/players-and-ratings/ratings/37636/,80
37632,5,Ветеранский рейтинг,Ветеранский рейтинг на 1 апреля 2017 г.,https://www.bridgesport.ru/players-and-ratings/ratings/37632/,80
37628,5,Ветеранский рейтинг,Ветеранский рейтинг на 1 марта 2017 г.,https://www.bridgesport.ru/players-and-ratings/ratings/37628/,82
37624,5,Ветеранский рейтинг,Ветеранский рейтинг на 1 февраля 2017 г.,https://www.bridgesport.ru/players-and-ratings/ratings/37624/,82
37620,5,Ветеранский рейтинг,Ветеранский рейтинг на 1 января 2017 г.,https://www.bridgesport.ru/players-and-ratings/ratings/37620/,82
37712,5,Ветеранский рейтинг,Ветеранский рейтинг на 1 декабря 2016 г.,https://www.bridgesport.ru/players-and-ratings/ratings/37712/,86
37708,5,Ветеранский рейтинг,Ветеранский рейтинг на 1 ноября 2016 г.,https://www.bridgesport.ru/players-and-ratings/ratings/37708/,86
37704,5,Ветеранский рейтинг,Ветеранский рейтинг на 1 октября 2016 г.,https://www.bridgesport.ru/players-and-ratings/ratings/37704/,86
37700,5,Ветеранский рейтинг,Ветеранский рейтинг на 1 сентября 2016 г.,https://www.bridgesport.ru/players-and-ratings/ratings/37700/,86
37696,5,Ветеранский рейтинг,Ветеранский рейтинг на 1 августа 2016 г.,https://www.bridgesport.ru/players-and-ratings/ratings/37696/,86
37692,5,Ветеранский рейтинг,Ветеранский рейтинг на 1 июля 2016 г.,https://www.bridgesport.ru/players-and-ratings/ratings/37692/,86
37688,5,Ветеранский рейтинг,Ветеранский рейтинг на 1 июня 2016 г.,https://www.bridgesport.ru/players-and-ratings/ratings/37688/,84
37684,5,Ветеранский рейтинг,Ветеранский рейтинг на 1 мая 2016 г.,https://www.bridgesport.ru/players-and-ratings/ratings/37684/,84
37680,5,Ветеранский рейтинг,Ветеранский рейтинг на 1 апреля 2016 г.,https://www.bridgesport.ru/players-and-ratings/ratings/37680/,84
37676,5,Ветеранский рейтинг,Ветеранский рейтинг на 1 марта 2016 г.,https://www.bridgesport.ru/players-and-ratings/ratings/37676/,84
37672,5,Ветеранский рейтинг,Ветеранский рейтинг на 1 февраля 2016 г.,https://www.bridgesport.ru/players-and-ratings/ratings/37672/,84
37668,5,Ветеранский рейтинг,Ветеранский рейтинг на 1 января 2016 г.,https://www.bridgesport.ru/players-and-ratings/ratings/37668/,84
37760,5,Ветеранский рейтинг,Ветеранский рейтинг на 1 декабря 2015 г.,https://www.bridgesport.ru/players-and-ratings/ratings/37760/,85
37756,5,Ветеранский рейтинг,Ветеранский рейтинг на 1 ноября 2015 г.,https://www.bridgesport.ru/players-and-ratings/ratings/37756/,85
37752,5,Ветеранский рейтинг,Ветеранский рейтинг на 1 октября 2015 г.,https://www.bridgesport.ru/players-and-ratings/ratings/37752/,85
37748,5,Ветеранский рейтинг,Ветеранский рейтинг на 1 сентября 2015 г.,https://www.bridgesport.ru/players-and-ratings/ratings/37748/,87
37744,5,Ветеранский рейтинг,Ветеранский рейтинг на 1 августа 2015 г.,https://www.bridgesport.ru/players-and-ratings/ratings/37744/,87
37740,5,Ветеранский рейтинг,Ветеранский рейтинг на 1 июля 2015 г.,https://www.bridgesport.ru/players-and-ratings/ratings/37740/,87
37736,5,Ветеранский рейтинг,Ветеранский рейтинг на 1 июня 2015 г.,https://www.bridgesport.ru/players-and-ratings/ratings/37736/,88
37732,5,Ветеранский рейтинг,Ветеранский рейтинг на 1 мая 2015 г.,https://www.bridgesport.ru/players-and-ratings/ratings/37732/,88
37728,5,Ветеранский рейтинг,Ветеранский рейтинг на 1 апреля 2015 г.,https://www.bridgesport.ru/players-and-ratings/ratings/37728/,88
37724,5,Ветеранский рейтинг,Ветеранский рейтинг на 1 марта 2015 г.,https://www.bridgesport.ru/players-and-ratings/ratings/37724/,86
37720,5,Ветеранский рейтинг,Ветеранский рейтинг на 1 февраля 2015 г.,https://www.bridgesport.ru/players-and-ratings/ratings/37720/,86
37716,5,Ветеранский рейтинг,Ветеранский рейтинг на 1 января 2015 г.,https://www.bridgesport.ru/players-and-ratings/ratings/37716/,86
85190,24,Изменение разрядов,Изменение разряда игроков на 1 марта 2026 г.,https://www.bridgesport.ru/players-and-ratings/ratings/85190/,66
83906,24,Изменение разрядов,Изменение разряда игроков на 1 февраля 2026 г.,https://www.bridgesport.ru/players-and-ratings/ratings/83906/,44
82788,24,Изменение разрядов,Изменение разряда игроков на 1 января 2026 г.,https://www.bridgesport.ru/players-and-ratings/ratings/82788/,58
81626,24,Изменение разрядов,Изменение разряда игроков на 1 декабря 2025 г.,https://www.bridgesport.ru/players-and-ratings/ratings/81626/,56
80351,24,Изменение разрядов,Изменение разряда игроков на 1 ноября 2025 г.,https://www.bridgesport.ru/players-and-ratings/ratings/80351/,66
79173,24,Изменение разрядов,Изменение разряда игроков на 1 октября 2025 г.,https://www.bridgesport.ru/players-and-ratings/ratings/79173/,76
78152,24,Изменение разрядов,Изменение разряда игроков на 1 сентября 2025 г.,https://www.bridgesport.ru/players-and-ratings/ratings/78152/,112
77099,24,Изменение разрядов,Изменение разряда игроков на 1 августа 2025 г.,https://www.bridgesport.ru/players-and-ratings/ratings/77099/,56
76106,24,Изменение разрядов,Изменение разряда игроков на 1 июля 2025 г.,https://www.bridgesport.ru/players-and-ratings/ratings/76106/,61
75043,24,Изменение разрядов,Изменение разряда игроков на 1 июня 2025 г.,https://www.bridgesport.ru/players-and-ratings/ratings/75043/,63
74037,24,Изменение разрядов,Изменение разряда игроков на 1 мая 2025 г.,https://www.bridgesport.ru/players-and-ratings/ratings/74037/,62
73043,24,Изменение разрядов,Изменение разряда игроков на 1 апреля 2025 г.,https://www.bridgesport.ru/players-and-ratings/ratings/73043/,70
71890,24,Изменение разрядов,Изменение разряда игроков на 1 марта 2025 г.,https://www.bridgesport.ru/players-and-ratings/ratings/71890/,69
70799,24,Изменение разрядов,Изменение разряда игроков на 1 февраля 2025 г.,https://www.bridgesport.ru/players-and-ratings/ratings/70799/,55
69862,24,Изменение разрядов,Изменение разряда игроков на 1 января 2025 г.,https://www.bridgesport.ru/players-and-ratings/ratings/69862/,45
68686,24,Изменение разрядов,Изменение разряда игроков на 1 декабря 2024 г.,https://www.bridgesport.ru/players-and-ratings/ratings/68686/,61
67697,24,Изменение разрядов,Изменение разряда игроков на 1 ноября 2024 г.,https://www.bridgesport.ru/players-and-ratings/ratings/67697/,48
66637,24,Изменение разрядов,Изменение разряда игроков на 1 октября 2024 г.,https://www.bridgesport.ru/players-and-ratings/ratings/66637/,66
65660,24,Изменение разрядов,Изменение разряда игроков на 1 сентября 2024 г.,https://www.bridgesport.ru/players-and-ratings/ratings/65660/,53
64715,24,Изменение разрядов,Изменение разряда игроков на 1 августа 2024 г.,https://www.bridgesport.ru/players-and-ratings/ratings/64715/,66
63696,24,Изменение разрядов,Изменение разряда игроков на 1 июля 2024 г.,https://www.bridgesport.ru/players-and-ratings/ratings/63696/,38
62735,24,Изменение разрядов,Изменение разряда игроков на 1 июня 2024 г.,https://www.bridgesport.ru/players-and-ratings/ratings/62735/,53
61632,24,Изменение разрядов,Изменение разряда игроков на 1 мая 2024 г.,https://www.bridgesport.ru/players-and-ratings/ratings/61632/,55
60813,24,Изменение разрядов,Изменение разряда игроков на 1 апреля 2024 г.,https://www.bridgesport.ru/players-and-ratings/ratings/60813/,62
59829,24,Изменение разрядов,Изменение разряда игроков на 1 марта 2024 г.,https://www.bridgesport.ru/players-and-ratings/ratings/59829/,92
58735,24,Изменение разрядов,Изменение разряда игроков на 1 февраля 2024 г.,https://www.bridgesport.ru/players-and-ratings/ratings/58735/,48
57805,24,Изменение разрядов,Изменение разряда игроков на 1 января 2024 г.,https://www.bridgesport.ru/players-and-ratings/ratings/57805/,50
56854,24,Изменение разрядов,Изменение разряда игроков на 1 декабря 2023 г.,https://www.bridgesport.ru/players-and-ratings/ratings/56854/,44
55953,24,Изменение разрядов,Изменение разряда игроков на 1 ноября 2023 г.,https://www.bridgesport.ru/players-and-ratings/ratings/55953/,95
54741,24,Изменение разрядов,Изменение разряда игроков на 1 октября 2023 г.,https://www.bridgesport.ru/players-and-ratings/ratings/54741/,64
53822,24,Изменение разрядов,Изменение разряда игроков на 1 сентября 2023 г.,https://www.bridgesport.ru/players-and-ratings/ratings/53822/,51
52825,24,Изменение разрядов,Изменение разряда игроков на 1 августа 2023 г.,https://www.bridgesport.ru/players-and-ratings/ratings/52825/,59
52048,24,Изменение разрядов,Изменение разряда игроков на 1 июля 2023 г.,https://www.bridgesport.ru/players-and-ratings/ratings/52048/,45
51369,24,Изменение разрядов,Изменение разряда игроков на 1 июня 2023 г.,https://www.bridgesport.ru/players-and-ratings/ratings/51369/,47
50545,24,Изменение разрядов,Изменение разряда игроков на 1 мая 2023 г.,https://www.bridgesport.ru/players-and-ratings/ratings/50545/,65
49654,24,Изменение разрядов,Изменение разряда игроков на 1 апреля 2023 г.,https://www.bridgesport.ru/players-and-ratings/ratings/49654/,48
48979,24,Изменение разрядов,Изменение разряда игроков на 1 марта 2023 г.,https://www.bridgesport.ru/players-and-ratings/ratings/48979/,46
48288,24,Изменение разрядов,Изменение разряда игроков на 1 февраля 2023 г.,https://www.bridgesport.ru/players-and-ratings/ratings/48288/,72
47460,24,Изменение разрядов,Изменение разряда игроков на 1 января 2023 г.,https://www.bridgesport.ru/players-and-ratings/ratings/47460/,37
46920,24,Изменение разрядов,Изменение разряда игроков на 1 декабря 2022 г.,https://www.bridgesport.ru/players-and-ratings/ratings/46920/,53
46169,24,Изменение разрядов,Изменение разряда игроков на 1 ноября 2022 г.,https://www.bridgesport.ru/players-and-ratings/ratings/46169/,69
45321,24,Изменение разрядов,Изменение разряда игроков на 1 октября 2022 г.,https://www.bridgesport.ru/players-and-ratings/ratings/45321/,33
44802,24,Изменение разрядов,Изменение разряда игроков на 1 сентября 2022 г.,https://www.bridgesport.ru/players-and-ratings/ratings/44802/,49
44128,24,Изменение разрядов,Изменение разряда игроков на 1 августа 2022 г.,https://www.bridgesport.ru/players-and-ratings/ratings/44128/,37
43646,24,Изменение разрядов,Изменение разряда игроков на 1 июля 2022 г.,https://www.bridgesport.ru/players-and-ratings/ratings/43646/,27
43074,24,Изменение разрядов,Изменение разряда игроков на 1 июня 2022 г.,https://www.bridgesport.ru/players-and-ratings/ratings/43074/,48
42456,24,Изменение разрядов,Изменение разряда игроков на 1 мая 2022 г.,https://www.bridgesport.ru/players-and-ratings/ratings/42456/,42
41979,24,Изменение разрядов,Изменение разряда игроков на 1 апреля 2022 г.,https://www.bridgesport.ru/players-and-ratings/ratings/41979/,49
41491,24,Изменение разрядов,Изменение разряда игроков на 1 марта 2022 г.,https://www.bridgesport.ru/players-and-ratings/ratings/41491/,54
40933,24,Изменение разрядов,Изменение разряда игроков на 1 февраля 2022 г.,https://www.bridgesport.ru/players-and-ratings/ratings/40933/,42
40286,24,Изменение разрядов,Изменение разряда игроков на 1 января 2022 г.,https://www.bridgesport.ru/players-and-ratings/ratings/40286/,50
40117,24,Изменение разрядов,Изменение разряда игроков на 1 декабря 2021 г.,https://www.bridgesport.ru/players-and-ratings/ratings/40117/,39
39841,24,Изменение разрядов,Изменение разряда игроков на 1 ноября 2021 г.,https://www.bridgesport.ru/players-and-ratings/ratings/39841/,44
39793,24,Изменение разрядов,Изменение разряда игроков на 1 октября 2021 г.,https://www.bridgesport.ru/players-and-ratings/ratings/39793/,47
39739,24,Изменение разрядов,Изменение разряда игроков на 1 сентября 2021 г.,https://www.bridgesport.ru/players-and-ratings/ratings/39739/,42
39671,24,Изменение разрядов,Изменение разряда игроков на 1 августа 2021 г.,https://www.bridgesport.ru/players-and-ratings/ratings/39671/,31
39601,24,Изменение разрядов,Изменение разряда игроков на 1 июля 2021 г.,https://www.bridgesport.ru/players-and-ratings/ratings/39601/,21
39508,24,Изменение разрядов,Изменение разряда игроков на 1 июня 2021 г.,https://www.bridgesport.ru/players-and-ratings/ratings/39508/,36
39405,24,Изменение разрядов,Изменение разряда игроков на 1 мая 2021 г.,https://www.bridgesport.ru/players-and-ratings/ratings/39405/,45
39334,24,Изменение разрядов,Изменение разряда игроков на 1 апреля 2021 г.,https://www.bridgesport.ru/players-and-ratings/ratings/39334/,37
39284,24,Изменение разрядов,Изменение разряда игроков на 1 марта 2021 г.,https://www.bridgesport.ru/players-and-ratings/ratings/39284/,43
39233,24,Изменение разрядов,Изменение разряда игроков на 1 февраля 2021 г.,https://www.bridgesport.ru/players-and-ratings/ratings/39233/,38
39022,24,Изменение разрядов,Изменение разряда игроков на 1 января 2021 г.,https://www.bridgesport.ru/players-and-ratings/ratings/39022/,40
38983,24,Изменение разрядов,Изменение разряда игроков на 1 декабря 2020 г.,https://www.bridgesport.ru/players-and-ratings/ratings/38983/,39
38953,24,Изменение разрядов,Изменение разряда игроков на 1 ноября 2020 г.,https://www.bridgesport.ru/players-and-ratings/ratings/38953/,32
38905,24,Изменение разрядов,Изменение разряда игроков на 1 октября 2020 г.,https://www.bridgesport.ru/players-and-ratings/ratings/38905/,32
38864,24,Изменение разрядов,Изменение разряда игроков на 1 сентября 2020 г.,https://www.bridgesport.ru/players-and-ratings/ratings/38864/,31
38807,24,Изменение разрядов,Изменение разряда игроков на 1 августа 2020 г.,https://www.bridgesport.ru/players-and-ratings/ratings/38807/,20
38765,24,Изменение разрядов,Изменение разряда игроков на 1 июля 2020 г.,https://www.bridgesport.ru/players-and-ratings/ratings/38765/,19
38738,24,Изменение разрядов,Изменение разряда игроков на 1 июня 2020 г.,https://www.bridgesport.ru/players-and-ratings/ratings/38738/,37
38434,24,Изменение разрядов,Изменение разряда игроков на 1 мая 2020 г.,https://www.bridgesport.ru/players-and-ratings/ratings/38434/,37
38148,24,Изменение разрядов,Изменение разряда игроков на 1 апреля 2020 г.,https://www.bridgesport.ru/players-and-ratings/ratings/38148/,37
38136,24,Изменение разрядов,Изменение разряда игроков на 1 марта 2020 г.,https://www.bridgesport.ru/players-and-ratings/ratings/38136/,27
37795,24,Изменение разрядов,Изменение разряда игроков на 1 февраля 2020 г.,https://www.bridgesport.ru/players-and-ratings/ratings/37795/,26
